2026-07-11 09:19:45,97,60,22.0,95.5,"98,5",3.363,3.364,3.367,3.363,81.0,82.0,83.0,81.0,4.0,13.46
2026-07-11 09:29:54,97,60,22.0,95.5,"98,5",3.373,3.378,3.375,3.372,87.0,89.0,87.0,86.0,6.0,13.5
2026-07-11 09:50:23,98,60,22.0,96.5,"98,5",3.373,3.38,3.379,3.375,87.0,90.0,89.0,87.0,7.0,13.51
2026-07-11 10:10:49,99,60,22.0,97.5,"98,5",3.526,3.547,3.545,3.535,163.0,174.0,172.0,167.0,21.0,14.15
2026-07-11 10:31:17,99,60,23.0,97.5,"98,5",3.535,3.554,3.553,3.544,167.0,177.0,176.0,172.0,19.0,14.19
2026-07-11 10:51:44,99,60,23.0,97.5,"98,5",3.536,3.554,3.553,3.544,168.0,177.0,176.0,172.0,18.0,14.19
2026-07-11 10:53:56,99,60,23.0,97.5,"98,5",3.539,3.554,3.554,3.545,169.0,177.0,177.0,172.0,15.0,14.19
2026-07-11 11:14:22,99,60,23.0,97.5,"98,5",3.537,3.554,3.553,3.544,168.0,177.0,176.0,172.0,17.0,14.19
2026-07-11 20:21:34,99,60,32.0,97.5,"98,5",3.362,3.367,3.37,3.364,81.0,83.0,85.0,82.0,8.0,13.46
2026-07-11 20:42:43,99,60,32.0,97.5,"98,5",3.351,3.358,3.359,3.354,75.0,79.0,79.0,77.0,8.0,13.42
2026-07-11 21:03:11,99,60,32.0,97.5,"98,5",3.34,3.347,3.348,3.342,70.0,73.0,74.0,71.0,8.0,13.38
2026-07-11 21:23:38,99,60,32.0,97.5,"98,5",3.333,3.338,3.339,3.334,66.0,69.0,69.0,67.0,6.0,13.34
2026-07-11 21:44:05,99,60,32.0,97.5,"98,5",3.328,3.332,3.334,3.329,64.0,66.0,67.0,64.0,6.0,13.32
2026-07-11 22:04:31,99,60,32.0,97.5,"98,5",3.326,3.331,3.331,3.326,63.0,65.0,65.0,63.0,5.0,13.31
2026-07-11 22:24:58,98,60,32.0,96.5,"98,5",3.324,3.329,3.329,3.324,62.0,64.0,64.0,62.0,5.0,13.31
2026-07-11 22:45:24,98,60,31.0,96.5,"98,5",3.323,3.329,3.329,3.324,61.0,64.0,64.0,62.0,6.0,13.3
2026-07-11 23:05:51,98,60,31.0,96.5,"98,5",3.323,3.328,3.329,3.323,61.0,64.0,64.0,61.0,6.0,13.3
2026-07-11 23:26:18,98,60,31.0,96.5,"98,5",3.323,3.328,3.328,3.323,61.0,64.0,64.0,61.0,5.0,13.3
2026-07-11 23:46:45,98,60,30.0,96.5,"98,5",3.323,3.328,3.328,3.323,61.0,64.0,64.0,61.0,5.0,13.3
2026-07-12 00:07:12,98,60,30.0,96.5,"98,5",3.323,3.328,3.328,3.323,61.0,64.0,64.0,61.0,5.0,13.3
2026-07-12 00:27:38,98,60,30.0,96.5,"98,5",3.323,3.328,3.328,3.323,61.0,64.0,64.0,61.0,5.0,13.3
2026-07-12 00:51:52,98,60,29.0,96.5,"98,5",3.323,3.328,3.328,3.323,61.0,64.0,64.0,61.0,5.0,13.3
2026-07-12 01:13:02,97,60,29.0,95.5,"98,5",3.323,3.328,3.328,3.323,61.0,64.0,64.0,61.0,5.0,13.3
2026-07-12 01:33:29,97,60,28.0,95.5,"98,5",3.323,3.327,3.328,3.323,61.0,63.0,64.0,61.0,5.0,13.3
2026-07-12 01:53:56,97,60,28.0,95.5,"98,5",3.322,3.327,3.328,3.322,61.0,63.0,64.0,61.0,6.0,13.3
2026-07-12 02:14:22,97,60,28.0,95.5,"98,5",3.322,3.327,3.327,3.322,61.0,63.0,63.0,61.0,5.0,13.3
2026-07-12 02:34:49,97,60,27.0,95.5,"98,5",3.322,3.327,3.327,3.322,61.0,63.0,63.0,61.0,5.0,13.3
2026-07-12 02:55:16,97,60,27.0,95.5,"98,5",3.322,3.327,3.327,3.321,61.0,63.0,63.0,60.0,6.0,13.3
2026-07-12 03:15:43,97,60,26.0,95.5,"98,5",3.322,3.326,3.326,3.321,61.0,63.0,63.0,60.0,5.0,13.29
2026-07-12 03:36:09,97,60,26.0,95.5,"98,5",3.322,3.326,3.326,3.321,61.0,63.0,63.0,60.0,5.0,13.29
2026-07-12 03:56:37,96,60,26.0,94.6,"98,5",3.321,3.326,3.326,3.321,60.0,63.0,63.0,60.0,5.0,13.29
2026-07-12 04:17:03,96,60,25.0,94.6,"98,5",3.321,3.326,3.326,3.321,60.0,63.0,63.0,60.0,5.0,13.29
2026-07-12 04:37:30,96,60,25.0,94.6,"98,5",3.321,3.326,3.326,3.321,60.0,63.0,63.0,60.0,5.0,13.29
2026-07-12 04:57:57,96,60,25.0,94.6,"98,5",3.321,3.326,3.326,3.321,60.0,63.0,63.0,60.0,5.0,13.29
2026-07-12 05:18:24,96,60,24.0,94.6,"98,5",3.321,3.326,3.326,3.321,60.0,63.0,63.0,60.0,5.0,13.29
2026-07-12 15:47:25,99,60,23.0,97.5,"98,5",3.371,3.377,3.375,3.369,85.0,88.0,87.0,85.0,8.0,13.49
2026-07-12 17:05:30,99,60,24.0,97.5,"98,5",3.372,3.377,3.375,3.37,86.0,88.0,87.0,85.0,7.0,13.49
2026-07-12 17:06:17,99,60,24.0,97.5,"98,5",3.372,3.377,3.375,3.37,86.0,88.0,87.0,85.0,7.0,13.49
2026-07-12 17:12:26,99,60,24.0,97.5,"98,5",3.372,3.377,3.375,3.37,86.0,88.0,87.0,85.0,7.0,13.49
2026-07-12 17:22:32,99,60,25.0,97.5,"98,5",3.372,3.377,3.375,3.37,86.0,88.0,87.0,85.0,7.0,13.49
2026-07-12 17:24:03,99,60,25.0,97.5,"98,5",3.372,3.377,3.375,3.37,86.0,88.0,87.0,85.0,7.0,13.49
2026-07-12 17:44:29,99,60,25.0,97.5,"98,5",3.372,3.378,3.375,3.37,86.0,89.0,87.0,85.0,8.0,13.5
2026-07-12 18:04:56,99,60,25.0,97.5,"98,5",3.373,3.378,3.375,3.371,87.0,89.0,87.0,85.0,7.0,13.5
2026-07-12 18:25:23,99,60,26.0,97.5,"98,5",3.373,3.377,3.375,3.37,87.0,88.0,87.0,85.0,7.0,13.5
2026-07-12 18:45:49,99,60,26.0,97.5,"98,5",3.373,3.378,3.375,3.371,87.0,89.0,87.0,85.0,7.0,13.5
2026-07-12 19:06:16,99,60,26.0,97.5,"98,5",3.373,3.378,3.375,3.371,87.0,89.0,87.0,85.0,7.0,13.5
2026-07-13 06:41:56,96,60,21.0,94.6,"98,5",3.325,3.329,3.329,3.324,62.0,64.0,64.0,62.0,5.0,13.31
2026-07-13 07:02:23,96,60,21.0,94.6,"98,5",3.328,3.331,3.331,3.326,64.0,65.0,65.0,63.0,5.0,13.32
2026-07-13 07:22:49,96,60,20.0,94.6,"98,5",3.348,3.353,3.352,3.347,74.0,77.0,76.0,73.0,6.0,13.4
2026-07-13 07:43:17,97,60,20.0,95.5,"98,5",3.361,3.364,3.365,3.36,81.0,82.0,83.0,80.0,5.0,13.45
2026-07-13 08:03:43,97,60,20.0,95.5,"98,5",3.367,3.37,3.372,3.367,83.0,85.0,86.0,83.0,5.0,13.48
2026-07-13 08:24:11,98,60,20.0,96.5,"98,5",3.373,3.377,3.375,3.369,87.0,88.0,87.0,85.0,8.0,13.49
2026-07-13 08:44:38,99,60,20.0,97.5,"98,5",3.393,3.398,3.398,3.393,96.0,99.0,99.0,96.0,5.0,13.58
2026-07-13 09:05:05,99,60,20.0,97.5,"98,5",3.531,3.552,3.551,3.541,165.0,176.0,176.0,170.0,21.0,14.18
2026-07-13 09:25:32,99,60,20.0,97.5,"98,5",3.535,3.553,3.551,3.543,167.0,176.0,176.0,172.0,18.0,14.18
2026-07-13 09:45:59,99,60,20.0,97.5,"98,5",3.536,3.554,3.552,3.544,168.0,177.0,176.0,172.0,18.0,14.19
2026-07-13 10:06:26,99,60,20.0,97.5,"98,5",3.536,3.553,3.552,3.543,168.0,176.0,176.0,172.0,17.0,14.18
2026-07-13 10:26:52,99,60,20.0,97.5,"98,5",3.537,3.553,3.552,3.544,168.0,176.0,176.0,172.0,16.0,14.19
2026-07-13 10:50:52,99,60,21.0,97.5,"98,5",3.539,3.554,3.553,3.545,169.0,177.0,176.0,172.0,15.0,14.19
2026-07-13 11:12:15,99,60,21.0,97.5,"98,5",3.468,3.482,3.481,3.474,134.0,141.0,140.0,137.0,14.0,13.91
2026-07-13 11:32:42,99,60,21.0,97.5,"98,5",3.423,3.432,3.433,3.426,111.0,116.0,116.0,113.0,10.0,13.71
2026-07-13 11:53:09,99,60,21.0,97.5,"98,5",3.392,3.4,3.4,3.394,96.0,100.0,100.0,97.0,8.0,13.59
2026-07-13 12:13:36,99,60,22.0,97.5,"98,5",3.373,3.378,3.375,3.371,87.0,89.0,87.0,85.0,7.0,13.5
2026-07-13 12:34:03,99,60,22.0,97.5,"98,5",3.372,3.377,3.375,3.369,86.0,88.0,87.0,85.0,8.0,13.49
2026-07-13 12:54:29,99,60,22.0,97.5,"98,5",3.372,3.377,3.375,3.369,86.0,88.0,87.0,85.0,8.0,13.49
2026-07-13 13:14:56,99,60,23.0,97.5,"98,5",3.372,3.377,3.375,3.369,86.0,88.0,87.0,85.0,8.0,13.49
2026-07-13 13:35:23,99,60,23.0,97.5,"98,5",3.372,3.377,3.375,3.369,86.0,88.0,87.0,85.0,8.0,13.49
2026-07-13 13:55:50,99,60,24.0,97.5,"98,5",3.372,3.377,3.375,3.37,86.0,88.0,87.0,85.0,7.0,13.49
2026-07-13 14:16:17,99,60,24.0,97.5,"98,5",3.373,3.378,3.375,3.371,87.0,89.0,87.0,85.0,7.0,13.5
2026-07-13 14:40:31,99,60,25.0,97.5,"98,5",3.373,3.378,3.375,3.371,87.0,89.0,87.0,85.0,7.0,13.5
2026-07-13 15:01:41,99,60,25.0,97.5,"98,5",3.372,3.378,3.375,3.371,86.0,89.0,87.0,85.0,7.0,13.5
2026-07-13 15:22:09,99,60,26.0,97.5,"98,5",3.373,3.378,3.375,3.371,87.0,89.0,87.0,85.0,7.0,13.5
2026-07-13 15:42:36,99,60,26.0,97.5,"98,5",3.373,3.378,3.376,3.372,87.0,89.0,88.0,86.0,6.0,13.5
2026-07-13 16:03:04,99,60,27.0,97.5,"98,5",3.373,3.378,3.377,3.372,87.0,89.0,88.0,86.0,6.0,13.5
2026-07-13 16:23:31,99,60,27.0,97.5,"98,5",3.373,3.378,3.377,3.372,87.0,89.0,88.0,86.0,6.0,13.5
2026-07-13 16:44:39,99,60,28.0,97.5,"98,5",3.373,3.379,3.377,3.372,87.0,89.0,88.0,86.0,7.0,13.5
2026-07-13 17:05:06,99,60,28.0,97.5,"98,5",3.373,3.378,3.377,3.372,87.0,89.0,88.0,86.0,6.0,13.5
2026-07-13 17:25:34,99,60,29.0,97.5,"98,5",3.373,3.379,3.378,3.372,87.0,89.0,89.0,86.0,7.0,13.5
2026-07-13 22:09:22,99,60,31.0,97.5,"98,5",3.327,3.331,3.332,3.328,63.0,65.0,66.0,64.0,5.0,13.32
2026-07-13 22:29:50,98,60,31.0,96.5,"98,5",3.325,3.331,3.331,3.326,62.0,65.0,65.0,63.0,6.0,13.31
2026-07-13 22:50:18,98,60,31.0,96.5,"98,5",3.324,3.329,3.329,3.324,62.0,64.0,64.0,62.0,5.0,13.31
2026-07-13 23:10:44,98,60,30.0,96.5,"98,5",3.323,3.328,3.329,3.324,61.0,64.0,64.0,62.0,6.0,13.3
2026-07-13 23:31:10,98,60,30.0,96.5,"98,5",3.323,3.328,3.328,3.323,61.0,64.0,64.0,61.0,5.0,13.3
2026-07-13 23:55:23,98,60,30.0,96.5,"98,5",3.322,3.327,3.328,3.322,61.0,63.0,64.0,61.0,6.0,13.3
2026-07-14 00:16:34,98,60,29.0,96.5,"98,5",3.322,3.327,3.328,3.323,61.0,63.0,64.0,61.0,6.0,13.3
2026-07-14 00:37:01,98,60,29.0,96.5,"98,5",3.323,3.327,3.328,3.322,61.0,63.0,64.0,61.0,6.0,13.3
2026-07-14 00:57:29,98,60,28.0,96.5,"98,5",3.322,3.327,3.328,3.322,61.0,63.0,64.0,61.0,6.0,13.3
2026-07-14 01:17:55,97,60,28.0,95.5,"98,5",3.322,3.327,3.327,3.322,61.0,63.0,63.0,61.0,5.0,13.3
2026-07-14 01:38:22,97,60,28.0,95.5,"98,5",3.322,3.327,3.327,3.322,61.0,63.0,63.0,61.0,5.0,13.3
2026-07-14 01:58:49,97,60,27.0,95.5,"98,5",3.322,3.327,3.327,3.322,61.0,63.0,63.0,61.0,5.0,13.3
2026-07-14 23:12:41,98,60,31.0,96.5,"98,5",3.323,3.328,3.328,3.323,61.0,64.0,64.0,61.0,5.0,13.3
2026-07-14 23:33:08,98,60,30.0,96.5,"98,5",3.323,3.328,3.328,3.323,61.0,64.0,64.0,61.0,5.0,13.3
2026-07-14 23:53:35,98,60,30.0,96.5,"98,5",3.323,3.328,3.328,3.323,61.0,64.0,64.0,61.0,5.0,13.3
2026-07-15 00:14:02,98,60,30.0,96.5,"98,5",3.323,3.328,3.328,3.323,61.0,64.0,64.0,61.0,5.0,13.3
2026-07-15 00:34:29,98,60,29.0,96.5,"98,5",3.323,3.327,3.328,3.323,61.0,63.0,64.0,61.0,5.0,13.3
2026-07-15 00:54:56,98,60,29.0,96.5,"98,5",3.322,3.327,3.328,3.322,61.0,63.0,64.0,61.0,6.0,13.3
2026-07-15 01:15:23,97,60,28.0,95.5,"98,5",3.322,3.327,3.328,3.322,61.0,63.0,64.0,61.0,6.0,13.3
2026-07-15 01:35:50,97,60,28.0,95.5,"98,5",3.322,3.327,3.327,3.322,61.0,63.0,63.0,61.0,5.0,13.3
2026-07-15 01:56:17,97,60,28.0,95.5,"98,5",3.322,3.327,3.327,3.322,61.0,63.0,63.0,61.0,5.0,13.3
2026-07-15 02:16:43,97,60,27.0,95.5,"98,5",3.322,3.327,3.327,3.322,61.0,63.0,63.0,61.0,5.0,13.3
2026-07-15 02:37:13,97,60,27.0,95.5,"98,5",3.322,3.327,3.327,3.321,61.0,63.0,63.0,60.0,6.0,13.3
2026-07-15 02:57:40,97,60,26.0,95.5,"98,5",3.322,3.327,3.327,3.321,61.0,63.0,63.0,60.0,6.0,13.3
2026-07-15 03:18:47,97,60,26.0,95.5,"98,5",3.321,3.326,3.326,3.321,60.0,63.0,63.0,60.0,5.0,13.29
2026-07-15 03:39:14,97,60,25.0,95.5,"98,5",3.321,3.326,3.326,3.321,60.0,63.0,63.0,60.0,5.0,13.29
2026-07-15 03:59:41,96,60,25.0,94.6,"98,5",3.321,3.326,3.326,3.321,60.0,63.0,63.0,60.0,5.0,13.29
2026-07-15 04:20:08,96,60,25.0,94.6,"98,5",3.321,3.326,3.326,3.321,60.0,63.0,63.0,60.0,5.0,13.29
2026-07-15 04:40:35,96,60,24.0,94.6,"98,5",3.321,3.326,3.326,3.321,60.0,63.0,63.0,60.0,5.0,13.29
2026-07-15 05:01:03,96,60,24.0,94.6,"98,5",3.321,3.326,3.326,3.321,60.0,63.0,63.0,60.0,5.0,13.29
2026-07-15 05:21:30,96,60,23.0,94.6,"98,5",3.321,3.326,3.326,3.321,60.0,63.0,63.0,60.0,5.0,13.29
2026-07-15 05:41:57,96,60,23.0,94.6,"98,5",3.322,3.327,3.327,3.321,61.0,63.0,63.0,60.0,6.0,13.3
2026-07-15 06:02:24,96,60,23.0,94.6,"98,5",3.323,3.328,3.328,3.323,61.0,64.0,64.0,61.0,5.0,13.3
2026-07-15 06:22:51,96,60,22.0,94.6,"98,5",3.324,3.329,3.328,3.323,62.0,64.0,64.0,61.0,6.0,13.3
2026-07-15 06:43:18,96,60,22.0,94.6,"98,5",3.326,3.331,3.33,3.325,63.0,65.0,65.0,62.0,6.0,13.31
2026-07-15 07:03:45,96,60,22.0,94.6,"98,5",3.328,3.331,3.332,3.327,64.0,65.0,66.0,63.0,5.0,13.32
2026-07-15 07:24:12,96,60,21.0,94.6,"98,5",3.343,3.347,3.347,3.342,71.0,73.0,73.0,71.0,5.0,13.38
2026-07-15 07:44:39,96,60,21.0,94.6,"98,5",3.358,3.364,3.363,3.358,79.0,82.0,81.0,79.0,6.0,13.44
2026-07-15 08:05:05,97,60,21.0,95.5,"98,5",3.365,3.367,3.369,3.364,83.0,83.0,85.0,82.0,5.0,13.46
2026-07-15 08:25:33,98,60,21.0,96.5,"98,5",3.37,3.373,3.375,3.369,85.0,87.0,87.0,85.0,6.0,13.49
2026-07-15 08:46:00,99,60,21.0,97.5,"98,5",3.377,3.383,3.381,3.377,88.0,91.0,90.0,88.0,6.0,13.52
2026-07-15 09:06:27,99,60,21.0,97.5,"98,5",3.462,3.472,3.47,3.464,131.0,136.0,135.0,132.0,10.0,13.87
2026-07-15 09:26:54,99,60,21.0,97.5,"98,5",3.534,3.553,3.552,3.542,167.0,176.0,176.0,171.0,19.0,14.18
2026-07-15 09:47:21,99,60,21.0,97.5,"98,5",3.535,3.553,3.551,3.543,167.0,176.0,176.0,172.0,18.0,14.18
2026-07-15 10:07:48,99,60,21.0,97.5,"98,5",3.536,3.554,3.552,3.544,168.0,177.0,176.0,172.0,18.0,14.19
2026-07-15 10:28:15,99,60,21.0,97.5,"98,5",3.537,3.554,3.552,3.544,168.0,177.0,176.0,172.0,17.0,14.19
2026-07-15 10:48:42,99,60,21.0,97.5,"98,5",3.537,3.554,3.552,3.544,168.0,177.0,176.0,172.0,17.0,14.19
2026-07-15 11:09:08,99,60,21.0,97.5,"98,5",3.537,3.554,3.553,3.544,168.0,177.0,176.0,172.0,17.0,14.19
2026-07-15 11:29:35,99,60,22.0,97.5,"98,5",3.458,3.469,3.47,3.464,129.0,134.0,135.0,132.0,12.0,13.86
2026-07-15 11:50:02,99,60,22.0,97.5,"98,5",3.415,3.423,3.424,3.418,107.0,111.0,112.0,109.0,9.0,13.68
2026-07-15 12:10:29,99,60,22.0,97.5,"98,5",3.385,3.393,3.393,3.388,92.0,96.0,96.0,94.0,8.0,13.56
2026-07-15 12:30:55,99,60,23.0,97.5,"98,5",3.373,3.378,3.375,3.37,87.0,89.0,87.0,85.0,8.0,13.5
2026-07-15 12:51:22,99,60,23.0,97.5,"98,5",3.372,3.377,3.375,3.37,86.0,88.0,87.0,85.0,7.0,13.49
2026-07-15 13:11:49,99,60,24.0,97.5,"98,5",3.373,3.378,3.375,3.371,87.0,89.0,87.0,85.0,7.0,13.5
2026-07-15 13:32:15,99,60,24.0,97.5,"98,5",3.373,3.378,3.375,3.371,87.0,89.0,87.0,85.0,7.0,13.5
2026-07-15 13:52:41,99,60,25.0,97.5,"98,5",3.373,3.378,3.376,3.372,87.0,89.0,88.0,86.0,6.0,13.5
2026-07-15 14:13:08,99,60,25.0,97.5,"98,5",3.373,3.379,3.377,3.372,87.0,89.0,88.0,86.0,7.0,13.5
2026-07-15 14:33:35,99,60,26.0,97.5,"98,5",3.373,3.378,3.377,3.372,87.0,89.0,88.0,86.0,6.0,13.5
2026-07-15 14:54:02,99,60,26.0,97.5,"98,5",3.373,3.379,3.377,3.372,87.0,89.0,88.0,86.0,7.0,13.5
2026-07-15 15:14:28,99,60,27.0,97.5,"98,5",3.373,3.379,3.378,3.373,87.0,89.0,89.0,87.0,6.0,13.5
2026-07-15 15:34:55,99,60,28.0,97.5,"98,5",3.373,3.379,3.377,3.372,87.0,89.0,88.0,86.0,7.0,13.5
2026-07-15 15:55:22,99,60,28.0,97.5,"98,5",3.373,3.379,3.378,3.372,87.0,89.0,89.0,86.0,7.0,13.5
2026-07-15 16:15:49,99,60,29.0,97.5,"98,5",3.373,3.379,3.378,3.373,87.0,89.0,89.0,87.0,6.0,13.5
2026-07-15 16:40:04,99,60,29.0,97.5,"98,5",3.373,3.379,3.378,3.373,87.0,89.0,89.0,87.0,6.0,13.5
2026-07-15 17:01:13,99,60,30.0,97.5,"98,5",3.373,3.379,3.378,3.373,87.0,89.0,89.0,87.0,6.0,13.5
2026-07-15 17:21:40,99,60,30.0,97.5,"98,5",3.373,3.379,3.378,3.373,87.0,89.0,89.0,87.0,6.0,13.5
2026-07-15 17:42:07,99,60,31.0,97.5,"98,5",3.373,3.379,3.379,3.373,87.0,89.0,89.0,87.0,6.0,13.5
2026-07-15 18:02:34,99,60,31.0,97.5,"98,5",3.373,3.379,3.379,3.374,87.0,89.0,89.0,87.0,6.0,13.51
2026-07-15 18:23:01,99,60,32.0,97.5,"98,5",3.373,3.379,3.379,3.373,87.0,89.0,89.0,87.0,6.0,13.5
2026-07-15 18:43:28,99,60,32.0,97.5,"98,5",3.373,3.379,3.379,3.373,87.0,89.0,89.0,87.0,6.0,13.5
2026-07-15 19:03:55,99,60,32.0,97.5,"98,5",3.373,3.379,3.379,3.373,87.0,89.0,89.0,87.0,6.0,13.5
2026-07-15 19:24:22,99,60,32.0,97.5,"98,5",3.373,3.379,3.379,3.374,87.0,89.0,89.0,87.0,6.0,13.51
2026-07-15 19:44:49,99,60,33.0,97.5,"98,5",3.373,3.379,3.379,3.373,87.0,89.0,89.0,87.0,6.0,13.5
2026-07-15 20:05:15,99,60,33.0,97.5,"98,5",3.373,3.379,3.379,3.373,87.0,89.0,89.0,87.0,6.0,13.5
2026-07-15 20:25:42,99,60,33.0,97.5,"98,5",3.367,3.374,3.375,3.369,83.0,87.0,87.0,85.0,8.0,13.48
2026-07-15 20:46:09,99,60,33.0,97.5,"98,5",3.359,3.364,3.367,3.361,79.0,82.0,83.0,81.0,8.0,13.45
2026-07-15 21:06:36,99,60,33.0,97.5,"98,5",3.35,3.357,3.358,3.352,75.0,79.0,79.0,76.0,8.0,13.42
2026-07-15 21:27:03,99,60,33.0,97.5,"98,5",3.34,3.347,3.348,3.342,70.0,73.0,74.0,71.0,8.0,13.38
2026-07-15 21:47:30,99,60,33.0,97.5,"98,5",3.332,3.338,3.339,3.334,66.0,69.0,69.0,67.0,7.0,13.34
2026-07-15 22:07:57,99,60,33.0,97.5,"98,5",3.328,3.332,3.334,3.328,64.0,66.0,67.0,64.0,6.0,13.32
2026-07-15 22:28:24,99,60,33.0,97.5,"98,5",3.325,3.331,3.331,3.326,62.0,65.0,65.0,63.0,6.0,13.31
2026-07-15 22:48:51,98,60,32.0,96.5,"98,5",3.324,3.329,3.33,3.324,62.0,64.0,65.0,62.0,6.0,13.31
2026-07-15 23:09:18,98,60,32.0,96.5,"98,5",3.323,3.329,3.329,3.324,61.0,64.0,64.0,62.0,6.0,13.3
2026-07-15 23:29:44,98,60,32.0,96.5,"98,5",3.323,3.328,3.329,3.323,61.0,64.0,64.0,61.0,6.0,13.3
2026-07-15 23:50:11,98,60,32.0,96.5,"98,5",3.323,3.328,3.328,3.323,61.0,64.0,64.0,61.0,5.0,13.3
2026-07-16 00:10:38,98,60,31.0,96.5,"98,5",3.323,3.328,3.328,3.323,61.0,64.0,64.0,61.0,5.0,13.3
2026-07-16 00:31:05,98,60,31.0,96.5,"98,5",3.323,3.328,3.328,3.323,61.0,64.0,64.0,61.0,5.0,13.3
2026-07-16 00:51:32,98,60,30.0,96.5,"98,5",3.323,3.328,3.328,3.323,61.0,64.0,64.0,61.0,5.0,13.3
2026-07-16 01:11:59,98,60,30.0,96.5,"98,5",3.323,3.328,3.328,3.323,61.0,64.0,64.0,61.0,5.0,13.3
2026-07-16 01:32:26,97,60,30.0,95.5,"98,5",3.323,3.328,3.328,3.323,61.0,64.0,64.0,61.0,5.0,13.3
2026-07-16 01:52:53,97,60,29.0,95.5,"98,5",3.322,3.327,3.328,3.322,61.0,63.0,64.0,61.0,6.0,13.3
2026-07-16 02:13:20,97,60,29.0,95.5,"98,5",3.322,3.327,3.328,3.322,61.0,63.0,64.0,61.0,6.0,13.3
2026-07-16 02:33:47,97,60,29.0,95.5,"98,5",3.322,3.327,3.327,3.322,61.0,63.0,63.0,61.0,5.0,13.3
2026-07-16 02:54:14,97,60,28.0,95.5,"98,5",3.322,3.327,3.327,3.322,61.0,63.0,63.0,61.0,5.0,13.3
2026-07-16 03:14:41,97,60,28.0,95.5,"98,5",3.322,3.327,3.327,3.322,61.0,63.0,63.0,61.0,5.0,13.3
2026-07-16 03:35:08,97,60,27.0,95.5,"98,5",3.322,3.327,3.327,3.321,61.0,63.0,63.0,60.0,6.0,13.3
2026-07-16 03:55:35,97,60,27.0,95.5,"98,5",3.322,3.326,3.326,3.321,61.0,63.0,63.0,60.0,5.0,13.29
2026-07-16 04:16:01,96,60,26.0,94.6,"98,5",3.321,3.326,3.326,3.321,60.0,63.0,63.0,60.0,5.0,13.29
2026-07-16 04:36:28,96,60,26.0,94.6,"98,5",3.321,3.326,3.326,3.321,60.0,63.0,63.0,60.0,5.0,13.29
2026-07-16 04:56:55,96,60,26.0,94.6,"98,5",3.321,3.326,3.326,3.321,60.0,63.0,63.0,60.0,5.0,13.29
2026-07-16 05:18:02,96,60,25.0,94.6,"98,5",3.321,3.326,3.326,3.321,60.0,63.0,63.0,60.0,5.0,13.29
2026-07-16 05:38:29,96,60,25.0,94.6,"98,5",3.322,3.326,3.326,3.321,61.0,63.0,63.0,60.0,5.0,13.29
2026-07-16 05:58:56,96,60,24.0,94.6,"98,5",3.323,3.327,3.327,3.322,61.0,63.0,63.0,61.0,5.0,13.3
2026-07-16 06:19:23,96,60,24.0,94.6,"98,5",3.323,3.328,3.328,3.323,61.0,64.0,64.0,61.0,5.0,13.3
2026-07-16 06:39:52,96,60,24.0,94.6,"98,5",3.325,3.33,3.329,3.324,62.0,65.0,64.0,62.0,6.0,13.31
2026-07-16 07:00:19,96,60,23.0,94.6,"98,5",3.326,3.331,3.33,3.326,63.0,65.0,65.0,63.0,5.0,13.31
2026-07-16 07:20:46,96,60,23.0,94.6,"98,5",3.335,3.34,3.34,3.335,67.0,70.0,70.0,67.0,5.0,13.35
2026-07-16 07:41:13,96,60,23.0,94.6,"98,5",3.354,3.36,3.359,3.354,77.0,80.0,79.0,77.0,6.0,13.43
2026-07-16 08:01:40,97,60,23.0,95.5,"98,5",3.363,3.364,3.367,3.363,81.0,82.0,83.0,81.0,4.0,13.46
2026-07-16 08:22:07,98,60,23.0,96.5,"98,5",3.367,3.371,3.372,3.368,83.0,85.0,86.0,84.0,5.0,13.48
2026-07-16 08:42:34,98,60,22.0,96.5,"98,5",3.373,3.376,3.375,3.369,87.0,88.0,87.0,85.0,7.0,13.49
2026-07-16 09:03:00,99,60,22.0,97.5,"98,5",3.402,3.409,3.408,3.403,101.0,104.0,104.0,101.0,7.0,13.62
2026-07-16 09:23:26,99,60,22.0,97.5,"98,5",3.534,3.554,3.553,3.544,167.0,177.0,176.0,172.0,20.0,14.18
2026-07-16 09:43:53,99,60,22.0,97.5,"98,5",3.536,3.554,3.553,3.544,168.0,177.0,176.0,172.0,18.0,14.19
2026-07-16 10:04:20,99,60,22.0,97.5,"98,5",3.537,3.554,3.553,3.544,168.0,177.0,176.0,172.0,17.0,14.19
2026-07-16 10:24:46,99,60,23.0,97.5,"98,5",3.538,3.554,3.553,3.545,169.0,177.0,176.0,172.0,16.0,14.19
2026-07-16 10:45:13,99,60,23.0,97.5,"98,5",3.538,3.554,3.553,3.544,169.0,177.0,176.0,172.0,16.0,14.19
2026-07-16 11:05:40,99,60,23.0,97.5,"98,5",3.537,3.554,3.554,3.545,168.0,177.0,177.0,172.0,17.0,14.19
2026-07-16 11:26:07,99,60,23.0,97.5,"98,5",3.475,3.488,3.488,3.481,137.0,144.0,144.0,140.0,13.0,13.93
2026-07-16 11:46:33,99,60,23.0,97.5,"98,5",3.426,3.436,3.436,3.43,113.0,118.0,118.0,115.0,10.0,13.73
2026-07-16 12:07:00,99,60,24.0,97.5,"98,5",3.393,3.402,3.402,3.395,96.0,101.0,101.0,97.0,9.0,13.59
2026-07-16 12:27:26,99,60,24.0,97.5,"98,5",3.373,3.379,3.377,3.372,87.0,89.0,88.0,86.0,7.0,13.5
2026-07-16 12:47:53,99,60,25.0,97.5,"98,5",3.373,3.378,3.375,3.37,87.0,89.0,87.0,85.0,8.0,13.5
2026-07-16 13:12:07,99,60,25.0,97.5,"98,5",3.373,3.378,3.375,3.37,87.0,89.0,87.0,85.0,8.0,13.5
2026-07-16 13:33:16,99,60,25.0,97.5,"98,5",3.373,3.378,3.375,3.371,87.0,89.0,87.0,85.0,7.0,13.5
2026-07-16 13:53:43,99,60,26.0,97.5,"98,5",3.373,3.378,3.375,3.371,87.0,89.0,87.0,85.0,7.0,13.5
2026-07-16 14:17:56,99,60,26.0,97.5,"98,5",3.373,3.378,3.376,3.371,87.0,89.0,88.0,85.0,7.0,13.5
2026-07-16 14:39:08,99,60,27.0,97.5,"98,5",3.373,3.378,3.376,3.372,87.0,89.0,88.0,86.0,6.0,13.5
2026-07-16 14:59:35,99,60,27.0,97.5,"98,5",3.373,3.378,3.377,3.372,87.0,89.0,88.0,86.0,6.0,13.5
2026-07-16 15:20:02,99,60,28.0,97.5,"98,5",3.373,3.378,3.377,3.372,87.0,89.0,88.0,86.0,6.0,13.5
2026-07-16 15:40:28,99,60,28.0,97.5,"98,5",3.373,3.379,3.378,3.373,87.0,89.0,89.0,87.0,6.0,13.5
2026-07-16 16:00:55,99,60,29.0,97.5,"98,5",3.373,3.379,3.378,3.373,87.0,89.0,89.0,87.0,6.0,13.5
2026-07-16 16:21:21,99,60,29.0,97.5,"98,5",3.373,3.379,3.378,3.373,87.0,89.0,89.0,87.0,6.0,13.5
2026-07-16 16:41:48,99,60,30.0,97.5,"98,5",3.373,3.379,3.378,3.373,87.0,89.0,89.0,87.0,6.0,13.5
2026-07-16 17:02:15,99,60,30.0,97.5,"98,5",3.373,3.379,3.378,3.373,87.0,89.0,89.0,87.0,6.0,13.5
2026-07-16 17:22:42,99,60,30.0,97.5,"98,5",3.373,3.379,3.379,3.374,87.0,89.0,89.0,87.0,6.0,13.51
2026-07-16 17:43:09,99,60,31.0,97.5,"98,5",3.373,3.379,3.379,3.373,87.0,89.0,89.0,87.0,6.0,13.5
2026-07-16 18:07:23,99,60,31.0,97.5,"98,5",3.373,3.379,3.379,3.373,87.0,89.0,89.0,87.0,6.0,13.5
2026-07-16 20:52:22,99,60,33.0,97.5,"98,5",3.355,3.363,3.363,3.357,77.0,81.0,81.0,79.0,8.0,13.44
2026-07-16 21:12:49,99,60,33.0,97.5,"98,5",3.346,3.353,3.353,3.347,73.0,77.0,77.0,73.0,7.0,13.4
2026-07-16 21:33:15,99,60,33.0,97.5,"98,5",3.337,3.342,3.342,3.337,68.0,71.0,71.0,68.0,5.0,13.36
2026-07-16 21:57:15,99,60,33.0,97.5,"98,5",3.329,3.334,3.335,3.33,64.0,67.0,67.0,65.0,6.0,13.33
2026-07-16 22:18:38,99,60,33.0,97.5,"98,5",3.326,3.331,3.332,3.326,63.0,65.0,66.0,63.0,6.0,13.32
2026-07-16 22:39:05,98,60,33.0,96.5,"98,5",3.324,3.33,3.33,3.325,62.0,65.0,65.0,62.0,6.0,13.31
2026-07-16 22:59:31,98,60,32.0,96.5,"98,5",3.324,3.329,3.329,3.324,62.0,64.0,64.0,62.0,5.0,13.31
2026-07-16 23:19:58,98,60,32.0,96.5,"98,5",3.323,3.328,3.329,3.323,61.0,64.0,64.0,61.0,6.0,13.3
2026-07-16 23:40:24,98,60,32.0,96.5,"98,5",3.323,3.328,3.328,3.323,61.0,64.0,64.0,61.0,5.0,13.3
2026-07-17 00:00:50,98,60,32.0,96.5,"98,5",3.323,3.328,3.328,3.323,61.0,64.0,64.0,61.0,5.0,13.3
2026-07-17 00:21:17,98,60,31.0,96.5,"98,5",3.323,3.328,3.328,3.323,61.0,64.0,64.0,61.0,5.0,13.3
2026-07-17 00:41:44,98,60,31.0,96.5,"98,5",3.323,3.328,3.328,3.323,61.0,64.0,64.0,61.0,5.0,13.3
2026-07-17 01:02:11,98,60,30.0,96.5,"98,5",3.322,3.328,3.328,3.323,61.0,64.0,64.0,61.0,6.0,13.3
2026-07-17 01:22:37,97,60,30.0,95.5,"98,5",3.323,3.327,3.328,3.323,61.0,63.0,64.0,61.0,5.0,13.3
2026-07-17 01:43:05,97,60,30.0,95.5,"98,5",3.323,3.328,3.328,3.323,61.0,64.0,64.0,61.0,5.0,13.3
2026-07-17 02:07:17,97,60,29.0,95.5,"98,5",3.322,3.327,3.327,3.322,61.0,63.0,63.0,61.0,5.0,13.3
2026-07-17 02:28:27,97,60,29.0,95.5,"98,5",3.322,3.327,3.327,3.322,61.0,63.0,63.0,61.0,5.0,13.3
2026-07-17 02:48:54,97,60,28.0,95.5,"98,5",3.322,3.327,3.327,3.322,61.0,63.0,63.0,61.0,5.0,13.3
2026-07-17 03:09:21,97,60,28.0,95.5,"98,5",3.322,3.327,3.327,3.322,61.0,63.0,63.0,61.0,5.0,13.3
2026-07-17 03:29:48,97,60,28.0,95.5,"98,5",3.322,3.327,3.327,3.321,61.0,63.0,63.0,60.0,6.0,13.3
2026-07-17 03:50:14,97,60,27.0,95.5,"98,5",3.322,3.326,3.326,3.321,61.0,63.0,63.0,60.0,5.0,13.29
2026-07-17 04:10:42,96,60,27.0,94.6,"98,5",3.321,3.326,3.326,3.321,60.0,63.0,63.0,60.0,5.0,13.29
2026-07-17 04:31:08,96,60,26.0,94.6,"98,5",3.321,3.326,3.326,3.321,60.0,63.0,63.0,60.0,5.0,13.29
2026-07-17 04:51:36,96,60,26.0,94.6,"98,5",3.321,3.326,3.326,3.321,60.0,63.0,63.0,60.0,5.0,13.29
2026-07-17 05:12:02,96,60,26.0,94.6,"98,5",3.321,3.326,3.326,3.321,60.0,63.0,63.0,60.0,5.0,13.29
2026-07-17 05:32:31,96,60,25.0,94.6,"98,5",3.322,3.327,3.327,3.321,61.0,63.0,63.0,60.0,6.0,13.3
2026-07-17 05:52:58,96,60,25.0,94.6,"98,5",3.323,3.328,3.328,3.323,61.0,64.0,64.0,61.0,5.0,13.3
2026-07-17 06:13:25,96,60,24.0,94.6,"98,5",3.324,3.329,3.329,3.324,62.0,64.0,64.0,62.0,5.0,13.31
2026-07-17 06:33:52,96,60,24.0,94.6,"98,5",3.325,3.33,3.329,3.324,62.0,65.0,64.0,62.0,6.0,13.31
2026-07-17 06:54:18,96,60,24.0,94.6,"98,5",3.326,3.331,3.33,3.326,63.0,65.0,65.0,63.0,5.0,13.31
2026-07-17 07:14:45,96,60,23.0,94.6,"98,5",3.328,3.331,3.332,3.327,64.0,65.0,66.0,63.0,5.0,13.32
2026-07-17 07:38:58,96,60,23.0,94.6,"98,5",3.352,3.357,3.357,3.352,76.0,79.0,79.0,76.0,5.0,13.42
2026-07-17 08:00:09,97,60,23.0,95.5,"98,5",3.362,3.364,3.366,3.361,81.0,82.0,83.0,81.0,5.0,13.45
2026-07-17 08:24:21,97,60,23.0,95.5,"98,5",3.358,3.364,3.363,3.358,79.0,82.0,81.0,79.0,6.0,13.44
2026-07-17 08:49:14,98,60,23.0,96.5,"98,5",3.373,3.378,3.375,3.372,87.0,89.0,87.0,86.0,6.0,13.5
2026-07-17 09:14:08,99,60,23.0,97.5,"98,5",3.477,3.491,3.49,3.482,138.0,145.0,145.0,141.0,14.0,13.94
2026-07-17 09:35:18,99,60,23.0,97.5,"98,5",3.534,3.554,3.553,3.544,167.0,177.0,176.0,172.0,20.0,14.18
2026-07-17 09:55:44,99,60,23.0,97.5,"98,5",3.536,3.554,3.553,3.544,168.0,177.0,176.0,172.0,18.0,14.19
2026-07-17 10:16:12,99,60,23.0,97.5,"98,5",3.536,3.554,3.553,3.544,168.0,177.0,176.0,172.0,18.0,14.19
2026-07-17 10:36:39,99,60,23.0,97.5,"98,5",3.537,3.554,3.553,3.544,168.0,177.0,176.0,172.0,17.0,14.19
2026-07-17 10:57:06,99,60,23.0,97.5,"98,5",3.538,3.554,3.553,3.544,169.0,177.0,176.0,172.0,16.0,14.19
2026-07-17 11:17:33,99,60,23.0,97.5,"98,5",3.522,3.538,3.539,3.53,161.0,169.0,169.0,165.0,17.0,14.13
2026-07-17 11:37:59,99,60,23.0,97.5,"98,5",3.455,3.465,3.47,3.464,127.0,132.0,135.0,132.0,15.0,13.85
2026-07-17 11:58:26,99,60,24.0,97.5,"98,5",3.412,3.422,3.422,3.415,106.0,111.0,111.0,107.0,10.0,13.67
2026-07-17 12:18:53,99,60,24.0,97.5,"98,5",3.384,3.391,3.391,3.386,92.0,95.0,95.0,93.0,7.0,13.55
2026-07-17 12:39:21,99,60,24.0,97.5,"98,5",3.372,3.377,3.375,3.37,86.0,88.0,87.0,85.0,7.0,13.49
2026-07-17 12:59:47,99,60,25.0,97.5,"98,5",3.372,3.377,3.375,3.369,86.0,88.0,87.0,85.0,8.0,13.49
2026-07-17 13:20:14,99,60,25.0,97.5,"98,5",3.372,3.378,3.375,3.37,86.0,89.0,87.0,85.0,8.0,13.5
2026-07-17 13:40:40,99,60,25.0,97.5,"98,5",3.373,3.378,3.375,3.37,87.0,89.0,87.0,85.0,8.0,13.5
2026-07-17 14:08:26,99,60,26.0,97.5,"98,5",3.372,3.378,3.375,3.371,86.0,89.0,87.0,85.0,7.0,13.5
2026-07-17 14:29:50,99,60,26.0,97.5,"98,5",3.373,3.378,3.375,3.371,87.0,89.0,87.0,85.0,7.0,13.5
2026-07-17 14:50:17,99,60,27.0,97.5,"98,5",3.373,3.378,3.376,3.372,87.0,89.0,88.0,86.0,6.0,13.5
2026-07-17 15:14:28,99,60,27.0,97.5,"98,5",3.373,3.378,3.375,3.372,87.0,89.0,87.0,86.0,6.0,13.5
2026-07-17 15:39:24,99,60,28.0,97.5,"98,5",3.373,3.378,3.376,3.372,87.0,89.0,88.0,86.0,6.0,13.5
2026-07-17 16:00:32,99,60,28.0,97.5,"98,5",3.373,3.378,3.377,3.372,87.0,89.0,88.0,86.0,6.0,13.5
2026-07-17 16:20:58,99,60,28.0,97.5,"98,5",3.373,3.378,3.377,3.372,87.0,89.0,88.0,86.0,6.0,13.5
2026-07-17 16:41:26,99,60,29.0,97.5,"98,5",3.373,3.379,3.378,3.373,87.0,89.0,89.0,87.0,6.0,13.5
2026-07-17 17:01:52,99,60,29.0,97.5,"98,5",3.373,3.379,3.377,3.372,87.0,89.0,88.0,86.0,7.0,13.5
2026-07-17 17:22:20,99,60,29.0,97.5,"98,5",3.373,3.379,3.378,3.372,87.0,89.0,89.0,86.0,7.0,13.5
2026-07-17 17:42:46,99,60,30.0,97.5,"98,5",3.373,3.379,3.378,3.373,87.0,89.0,89.0,87.0,6.0,13.5
2026-07-17 18:03:12,99,60,30.0,97.5,"98,5",3.373,3.379,3.378,3.373,87.0,89.0,89.0,87.0,6.0,13.5
2026-07-17 18:23:39,99,60,30.0,97.5,"98,5",3.373,3.379,3.378,3.373,87.0,89.0,89.0,87.0,6.0,13.5
2026-07-17 18:44:06,99,60,31.0,97.5,"98,5",3.373,3.379,3.378,3.373,87.0,89.0,89.0,87.0,6.0,13.5
2026-07-17 23:45:12,98,60,30.0,96.5,"98,5",3.323,3.328,3.328,3.323,61.0,64.0,64.0,61.0,5.0,13.3
2026-07-18 00:05:38,98,60,30.0,96.5,"98,5",3.323,3.328,3.328,3.323,61.0,64.0,64.0,61.0,5.0,13.3
2026-07-18 00:26:06,98,60,30.0,96.5,"98,5",3.323,3.328,3.328,3.323,61.0,64.0,64.0,61.0,5.0,13.3
2026-07-18 00:46:32,98,60,29.0,96.5,"98,5",3.323,3.328,3.328,3.323,61.0,64.0,64.0,61.0,5.0,13.3
2026-07-18 01:10:44,98,60,29.0,96.5,"98,5",3.323,3.327,3.328,3.323,61.0,63.0,64.0,61.0,5.0,13.3
2026-07-18 01:31:55,98,60,29.0,96.5,"98,5",3.323,3.328,3.328,3.323,61.0,64.0,64.0,61.0,5.0,13.3
2026-07-18 01:52:22,97,60,28.0,95.5,"98,5",3.323,3.328,3.328,3.323,61.0,64.0,64.0,61.0,5.0,13.3
2026-07-18 02:12:48,97,60,28.0,95.5,"98,5",3.323,3.328,3.328,3.323,61.0,64.0,64.0,61.0,5.0,13.3
2026-07-18 02:33:14,97,60,28.0,95.5,"98,5",3.323,3.327,3.328,3.322,61.0,63.0,64.0,61.0,6.0,13.3
2026-07-18 02:53:42,97,60,28.0,95.5,"98,5",3.322,3.327,3.327,3.321,61.0,63.0,63.0,60.0,6.0,13.3
2026-07-18 03:14:09,97,60,27.0,95.5,"98,5",3.322,3.327,3.327,3.322,61.0,63.0,63.0,61.0,5.0,13.3
2026-07-18 03:34:35,97,60,27.0,95.5,"98,5",3.322,3.327,3.327,3.322,61.0,63.0,63.0,61.0,5.0,13.3
2026-07-18 03:55:01,97,60,27.0,95.5,"98,5",3.322,3.327,3.327,3.321,61.0,63.0,63.0,60.0,6.0,13.3
2026-07-18 04:15:27,97,60,26.0,95.5,"98,5",3.321,3.326,3.326,3.321,60.0,63.0,63.0,60.0,5.0,13.29
2026-07-18 04:35:55,96,60,26.0,94.6,"98,5",3.321,3.326,3.326,3.321,60.0,63.0,63.0,60.0,5.0,13.29
2026-07-18 04:57:02,96,60,26.0,94.6,"98,5",3.321,3.326,3.326,3.321,60.0,63.0,63.0,60.0,5.0,13.29
2026-07-18 05:21:14,96,60,26.0,94.6,"98,5",3.322,3.327,3.327,3.322,61.0,63.0,63.0,61.0,5.0,13.3
2026-07-18 05:42:24,96,60,25.0,94.6,"98,5",3.323,3.328,3.328,3.323,61.0,64.0,64.0,61.0,5.0,13.3
2026-07-18 06:02:50,96,60,25.0,94.6,"98,5",3.325,3.33,3.33,3.325,62.0,65.0,65.0,62.0,5.0,13.31
2026-07-18 06:23:17,96,60,25.0,94.6,"98,5",3.33,3.335,3.335,3.33,65.0,67.0,67.0,65.0,5.0,13.33
2026-07-18 06:43:43,96,60,25.0,94.6,"98,5",3.335,3.34,3.34,3.335,67.0,70.0,70.0,67.0,5.0,13.35
2026-07-18 07:04:09,96,60,24.0,94.6,"98,5",3.332,3.337,3.337,3.332,66.0,68.0,68.0,66.0,5.0,13.34
2026-07-18 07:24:36,96,60,24.0,94.6,"98,5",3.328,3.332,3.332,3.328,64.0,66.0,66.0,64.0,4.0,13.32
2026-07-18 07:45:03,96,60,24.0,94.6,"98,5",3.326,3.331,3.331,3.326,63.0,65.0,65.0,63.0,5.0,13.31
2026-07-18 08:05:31,96,60,24.0,94.6,"98,5",3.325,3.33,3.33,3.325,62.0,65.0,65.0,62.0,5.0,13.31
2026-07-18 08:25:57,96,60,24.0,94.6,"98,5",3.325,3.329,3.329,3.324,62.0,64.0,64.0,62.0,5.0,13.31
2026-07-18 08:46:23,96,60,24.0,94.6,"98,5",3.325,3.329,3.329,3.324,62.0,64.0,64.0,62.0,5.0,13.31
2026-07-18 09:06:50,96,60,24.0,94.6,"98,5",3.33,3.335,3.334,3.33,65.0,67.0,67.0,65.0,5.0,13.33
2026-07-18 09:27:16,96,60,23.0,94.6,"98,5",3.355,3.361,3.36,3.355,77.0,81.0,80.0,77.0,6.0,13.43
2026-07-18 09:47:42,98,60,23.0,96.5,"98,5",3.367,3.371,3.372,3.368,83.0,85.0,86.0,84.0,5.0,13.48
2026-07-18 10:08:09,98,60,23.0,96.5,"98,5",3.358,3.364,3.363,3.357,79.0,82.0,81.0,79.0,7.0,13.44
2026-07-18 10:28:35,99,60,23.0,97.5,"98,5",3.372,3.375,3.375,3.369,86.0,87.0,87.0,85.0,6.0,13.49
2026-07-18 10:49:03,99,60,23.0,97.5,"98,5",3.576,3.609,3.606,3.593,188.0,204.0,203.0,196.0,33.0,14.38
2026-07-18 11:13:18,99,60,24.0,97.5,"98,5",3.556,3.58,3.579,3.567,178.0,190.0,190.0,184.0,24.0,14.28
2026-07-18 11:34:28,99,60,24.0,97.5,"98,5",3.548,3.568,3.567,3.557,174.0,184.0,184.0,178.0,20.0,14.24
2026-07-18 11:54:55,99,60,24.0,97.5,"98,5",3.51,3.525,3.524,3.516,155.0,162.0,162.0,158.0,15.0,14.08
2026-07-18 12:15:23,99,60,24.0,97.5,"98,5",3.576,3.609,3.607,3.594,188.0,204.0,204.0,197.0,33.0,14.39
2026-07-18 12:35:50,99,60,24.0,97.5,"98,5",3.577,3.607,3.605,3.593,188.0,204.0,202.0,196.0,30.0,14.38
2026-07-18 12:56:17,99,60,24.0,97.5,"98,5",3.539,3.554,3.553,3.545,169.0,177.0,176.0,172.0,15.0,14.19
2026-07-18 13:16:43,99,60,24.0,97.5,"98,5",3.482,3.495,3.494,3.487,141.0,147.0,147.0,143.0,13.0,13.96
2026-07-18 13:37:10,99,60,24.0,97.5,"98,5",3.577,3.607,3.605,3.593,188.0,204.0,202.0,196.0,30.0,14.38
2026-07-18 14:01:24,99,60,24.0,97.5,"98,5",3.579,3.606,3.604,3.593,190.0,203.0,202.0,196.0,27.0,14.38
2026-07-18 14:22:33,99,60,24.0,97.5,"98,5",3.58,3.605,3.603,3.593,190.0,202.0,202.0,196.0,25.0,14.38
2026-07-18 14:43:00,99,60,24.0,97.5,"98,5",3.524,3.538,3.539,3.531,162.0,169.0,169.0,165.0,15.0,14.13
2026-07-18 15:03:27,99,60,24.0,97.5,"98,5",3.501,3.515,3.516,3.508,150.0,157.0,158.0,154.0,15.0,14.04
2026-07-18 15:23:55,99,60,24.0,97.5,"98,5",3.445,3.459,3.456,3.45,122.0,129.0,128.0,125.0,14.0,13.81
2026-07-18 15:44:22,99,60,25.0,97.5,"98,5",3.407,3.416,3.416,3.41,103.0,108.0,108.0,105.0,9.0,13.65
2026-07-18 16:04:49,99,60,25.0,97.5,"98,5",3.38,3.388,3.388,3.382,90.0,94.0,94.0,91.0,8.0,13.54
2026-07-18 16:29:01,99,60,25.0,97.5,"98,5",3.372,3.377,3.375,3.369,86.0,88.0,87.0,85.0,8.0,13.49
2026-07-18 16:50:10,99,60,26.0,97.5,"98,5",3.372,3.377,3.375,3.37,86.0,88.0,87.0,85.0,7.0,13.49
2026-07-18 17:10:37,99,60,26.0,97.5,"98,5",3.373,3.378,3.375,3.37,87.0,89.0,87.0,85.0,8.0,13.5
2026-07-18 17:31:03,99,60,26.0,97.5,"98,5",3.373,3.378,3.375,3.37,87.0,89.0,87.0,85.0,8.0,13.5
2026-07-18 17:51:31,99,60,26.0,97.5,"98,5",3.373,3.378,3.375,3.371,87.0,89.0,87.0,85.0,7.0,13.5
2026-07-18 18:11:58,99,60,27.0,97.5,"98,5",3.373,3.378,3.375,3.371,87.0,89.0,87.0,85.0,7.0,13.5
2026-07-18 18:32:25,99,60,27.0,97.5,"98,5",3.373,3.378,3.375,3.371,87.0,89.0,87.0,85.0,7.0,13.5
2026-07-18 18:52:52,99,60,27.0,97.5,"98,5",3.368,3.374,3.375,3.369,84.0,87.0,87.0,85.0,7.0,13.49
2026-07-18 19:13:18,99,60,27.0,97.5,"98,5",3.36,3.364,3.367,3.362,80.0,82.0,83.0,81.0,7.0,13.45
2026-07-18 19:33:45,99,60,27.0,97.5,"98,5",3.35,3.357,3.357,3.352,75.0,79.0,79.0,76.0,7.0,13.42
2026-07-18 19:57:47,99,60,26.0,97.5,"98,5",3.343,3.349,3.349,3.344,71.0,75.0,75.0,72.0,6.0,13.38
2026-07-18 20:19:09,99,60,26.0,97.5,"98,5",3.338,3.343,3.342,3.338,69.0,71.0,71.0,69.0,5.0,13.36
2026-07-18 21:41:43,98,60,25.0,96.5,"98,5",3.323,3.328,3.328,3.323,61.0,64.0,64.0,61.0,5.0,13.3
2026-07-18 21:44:43,98,60,25.0,96.5,"98,5",3.323,3.328,3.328,3.323,61.0,64.0,64.0,61.0,5.0,13.3
2026-07-18 21:47:49,98,60,25.0,96.5,"98,5",3.323,3.328,3.328,3.323,61.0,64.0,64.0,61.0,5.0,13.3
2026-07-18 22:08:59,98,60,25.0,96.5,"98,5",3.323,3.327,3.327,3.322,61.0,63.0,63.0,61.0,5.0,13.3
2026-07-18 22:29:25,98,60,25.0,96.5,"98,5",3.322,3.327,3.326,3.321,61.0,63.0,63.0,60.0,6.0,13.3
2026-07-18 22:49:52,98,60,24.0,96.5,"98,5",3.322,3.326,3.326,3.321,61.0,63.0,63.0,60.0,5.0,13.29
2026-07-18 23:10:19,98,60,24.0,96.5,"98,5",3.321,3.326,3.326,3.321,60.0,63.0,63.0,60.0,5.0,13.29
2026-07-18 23:30:46,98,60,24.0,96.5,"98,5",3.321,3.326,3.326,3.321,60.0,63.0,63.0,60.0,5.0,13.29
2026-07-18 23:51:14,98,60,23.0,96.5,"98,5",3.321,3.326,3.326,3.321,60.0,63.0,63.0,60.0,5.0,13.29
2026-07-19 00:11:40,97,60,23.0,95.5,"98,5",3.321,3.326,3.326,3.321,60.0,63.0,63.0,60.0,5.0,13.29
2026-07-19 00:32:07,97,60,23.0,95.5,"98,5",3.321,3.326,3.326,3.321,60.0,63.0,63.0,60.0,5.0,13.29
2026-07-19 00:56:08,97,60,22.0,95.5,"98,5",3.321,3.326,3.325,3.321,60.0,63.0,62.0,60.0,5.0,13.29
2026-07-19 01:16:51,97,60,22.0,95.5,"98,5",3.321,3.326,3.325,3.321,60.0,63.0,62.0,60.0,5.0,13.29
2026-07-19 01:37:18,97,60,22.0,95.5,"98,5",3.321,3.326,3.325,3.32,60.0,63.0,62.0,60.0,6.0,13.29
2026-07-19 01:57:45,97,60,21.0,95.5,"98,5",3.321,3.326,3.325,3.32,60.0,63.0,62.0,60.0,6.0,13.29
2026-07-19 02:18:12,97,60,21.0,95.5,"98,5",3.321,3.326,3.325,3.32,60.0,63.0,62.0,60.0,6.0,13.29
2026-07-19 02:38:39,97,60,21.0,95.5,"98,5",3.321,3.326,3.325,3.32,60.0,63.0,62.0,60.0,6.0,13.29
2026-07-19 02:59:06,96,60,20.0,94.6,"98,5",3.32,3.325,3.324,3.32,60.0,62.0,62.0,60.0,5.0,13.29
2026-07-19 03:19:32,96,60,20.0,94.6,"98,5",3.32,3.325,3.324,3.32,60.0,62.0,62.0,60.0,5.0,13.29
2026-07-19 03:39:59,96,60,20.0,94.6,"98,5",3.32,3.325,3.324,3.32,60.0,62.0,62.0,60.0,5.0,13.29
2026-07-19 04:00:25,96,60,19.0,94.6,"98,5",3.32,3.324,3.324,3.319,60.0,62.0,62.0,59.0,5.0,13.29
2026-07-19 04:20:52,96,60,19.0,94.6,"98,5",3.32,3.324,3.324,3.319,60.0,62.0,62.0,59.0,5.0,13.29
2026-07-19 04:41:19,96,60,19.0,94.6,"98,5",3.32,3.324,3.323,3.319,60.0,62.0,61.0,59.0,5.0,13.29
2026-07-19 05:01:45,96,60,19.0,94.6,"98,5",3.32,3.324,3.323,3.319,60.0,62.0,61.0,59.0,5.0,13.29
2026-07-19 05:22:11,96,60,18.0,94.6,"98,5",3.32,3.324,3.323,3.319,60.0,62.0,61.0,59.0,5.0,13.29
2026-07-19 05:42:37,95,60,18.0,93.6,"98,5",3.321,3.325,3.324,3.32,60.0,62.0,62.0,60.0,5.0,13.29
2026-07-19 06:03:04,95,60,18.0,93.6,"98,5",3.321,3.326,3.325,3.321,60.0,63.0,62.0,60.0,5.0,13.29
2026-07-19 06:23:30,95,60,17.0,93.6,"98,5",3.323,3.327,3.326,3.321,61.0,63.0,63.0,60.0,6.0,13.3
2026-07-19 06:47:43,95,60,17.0,93.6,"98,5",3.326,3.331,3.329,3.325,63.0,65.0,64.0,62.0,6.0,13.31
2026-07-19 07:08:53,95,60,17.0,93.6,"98,5",3.328,3.331,3.332,3.326,64.0,65.0,66.0,63.0,6.0,13.32
2026-07-19 07:29:20,95,60,17.0,93.6,"98,5",3.334,3.338,3.337,3.333,67.0,69.0,68.0,66.0,5.0,13.34
2026-07-19 09:12:40,99,60,17.0,97.5,"98,5",3.548,3.575,3.573,3.561,174.0,188.0,186.0,180.0,27.0,14.26
2026-07-19 09:47:56,99,60,16.0,97.5,"98,5",3.534,3.552,3.55,3.541,167.0,176.0,175.0,170.0,18.0,14.18
2026-07-19 10:08:23,99,60,16.0,97.5,"98,5",3.534,3.552,3.551,3.542,167.0,176.0,176.0,171.0,18.0,14.18
2026-07-19 10:28:50,99,60,16.0,97.5,"98,5",3.534,3.552,3.55,3.542,167.0,176.0,175.0,171.0,18.0,14.18
2026-07-19 10:49:17,99,60,16.0,97.5,"98,5",3.535,3.552,3.551,3.542,167.0,176.0,176.0,171.0,17.0,14.18
2026-07-19 11:09:44,99,60,16.0,97.5,"98,5",3.509,3.524,3.522,3.515,154.0,162.0,161.0,157.0,15.0,14.07
2026-07-19 11:33:59,99,60,16.0,97.5,"98,5",3.438,3.449,3.447,3.441,119.0,124.0,123.0,120.0,11.0,13.77
2026-07-19 11:58:15,99,60,16.0,97.5,"98,5",3.574,3.612,3.608,3.594,187.0,206.0,204.0,197.0,38.0,14.39
2026-07-19 12:23:08,99,60,16.0,97.5,"98,5",3.472,3.485,3.484,3.477,136.0,142.0,142.0,138.0,13.0,13.92
2026-07-19 12:44:17,99,60,16.0,97.5,"98,5",3.424,3.434,3.433,3.426,112.0,117.0,116.0,113.0,10.0,13.72
2026-07-19 13:04:44,99,60,16.0,97.5,"98,5",3.393,3.4,3.4,3.395,96.0,100.0,100.0,97.0,7.0,13.59
2026-07-19 13:25:11,99,60,16.0,97.5,"98,5",3.372,3.377,3.375,3.369,86.0,88.0,87.0,85.0,8.0,13.49
2026-07-19 13:45:38,99,60,16.0,97.5,"98,5",3.37,3.375,3.375,3.369,85.0,87.0,87.0,85.0,6.0,13.49
2026-07-19 14:06:05,99,60,16.0,97.5,"98,5",3.37,3.375,3.375,3.369,85.0,87.0,87.0,85.0,6.0,13.49
2026-07-19 14:26:32,99,60,16.0,97.5,"98,5",3.37,3.375,3.375,3.369,85.0,87.0,87.0,85.0,6.0,13.49
2026-07-19 14:47:07,99,60,16.0,97.5,"98,5",3.371,3.376,3.375,3.369,85.0,88.0,87.0,85.0,7.0,13.49
2026-07-19 15:07:34,99,60,16.0,97.5,"98,5",3.37,3.375,3.375,3.369,85.0,87.0,87.0,85.0,6.0,13.49
2026-07-19 15:28:01,99,60,16.0,97.5,"98,5",3.37,3.375,3.375,3.369,85.0,87.0,87.0,85.0,6.0,13.49
2026-07-19 15:48:28,99,60,16.0,97.5,"98,5",3.371,3.376,3.375,3.369,85.0,88.0,87.0,85.0,7.0,13.49
2026-07-19 16:08:55,99,60,16.0,97.5,"98,5",3.37,3.375,3.375,3.369,85.0,87.0,87.0,85.0,6.0,13.49
2026-07-19 16:29:21,99,60,16.0,97.5,"98,5",3.37,3.375,3.375,3.369,85.0,87.0,87.0,85.0,6.0,13.49
2026-07-19 16:49:48,99,60,16.0,97.5,"98,5",3.573,3.613,3.609,3.593,186.0,206.0,204.0,196.0,40.0,14.39
2026-07-19 17:10:14,99,60,17.0,97.5,"98,5",3.525,3.547,3.544,3.535,162.0,174.0,172.0,167.0,22.0,14.15
2026-07-19 17:34:29,99,60,17.0,97.5,"98,5",3.444,3.459,3.455,3.449,122.0,129.0,127.0,124.0,15.0,13.81
2026-07-19 17:55:38,99,60,17.0,97.5,"98,5",3.405,3.414,3.413,3.407,102.0,107.0,106.0,103.0,9.0,13.64
2026-07-19 19:42:20,99,60,18.0,97.5,"98,5",3.576,3.609,3.606,3.593,188.0,204.0,203.0,196.0,33.0,14.38
2026-07-19 20:03:26,99,60,19.0,97.5,"98,5",3.53,3.549,3.548,3.539,165.0,174.0,174.0,169.0,19.0,14.17
2026-07-19 20:23:53,99,60,19.0,97.5,"98,5",3.465,3.473,3.471,3.464,132.0,136.0,135.0,132.0,9.0,13.87
2026-07-19 20:44:19,99,60,19.0,97.5,"98,5",3.418,3.427,3.427,3.421,109.0,113.0,113.0,110.0,9.0,13.69
2026-07-19 21:04:45,99,60,19.0,97.5,"98,5",3.388,3.396,3.395,3.39,94.0,98.0,97.0,95.0,8.0,13.57
2026-07-19 21:25:13,99,60,19.0,97.5,"98,5",3.367,3.373,3.374,3.369,83.0,87.0,87.0,85.0,7.0,13.48
2026-07-19 21:45:39,99,60,19.0,97.5,"98,5",3.35,3.355,3.355,3.35,75.0,77.0,77.0,75.0,5.0,13.41
2026-07-19 22:06:06,99,60,20.0,97.5,"98,5",3.337,3.342,3.342,3.335,68.0,71.0,71.0,67.0,7.0,13.36
2026-07-19 22:26:33,99,60,19.0,97.5,"98,5",3.329,3.334,3.334,3.329,64.0,67.0,67.0,64.0,5.0,13.33
2026-07-19 22:47:00,99,60,19.0,97.5,"98,5",3.325,3.33,3.329,3.324,62.0,65.0,64.0,62.0,6.0,13.31
2026-07-19 23:07:26,98,60,19.0,96.5,"98,5",3.323,3.328,3.327,3.322,61.0,64.0,63.0,61.0,6.0,13.3
2026-07-19 23:27:53,98,60,19.0,96.5,"98,5",3.322,3.326,3.326,3.321,61.0,63.0,63.0,60.0,5.0,13.29
2026-07-19 23:48:20,98,60,19.0,96.5,"98,5",3.321,3.326,3.325,3.32,60.0,63.0,62.0,60.0,6.0,13.29
2026-07-20 00:12:32,98,60,19.0,96.5,"98,5",3.321,3.325,3.324,3.32,60.0,62.0,62.0,60.0,5.0,13.29
2026-07-20 00:37:27,98,60,19.0,96.5,"98,5",3.32,3.324,3.324,3.32,60.0,62.0,62.0,60.0,4.0,13.29
2026-07-20 00:58:35,98,60,19.0,96.5,"98,5",3.321,3.325,3.324,3.32,60.0,62.0,62.0,60.0,5.0,13.29
2026-07-20 01:19:01,98,60,19.0,96.5,"98,5",3.321,3.325,3.324,3.32,60.0,62.0,62.0,60.0,5.0,13.29
2026-07-20 01:39:28,97,60,18.0,95.5,"98,5",3.32,3.325,3.324,3.32,60.0,62.0,62.0,60.0,5.0,13.29
2026-07-20 02:03:41,97,60,18.0,95.5,"98,5",3.32,3.325,3.324,3.32,60.0,62.0,62.0,60.0,5.0,13.29
2026-07-20 02:24:51,97,60,18.0,95.5,"98,5",3.321,3.325,3.324,3.32,60.0,62.0,62.0,60.0,5.0,13.29
2026-07-20 02:45:18,97,60,18.0,95.5,"98,5",3.321,3.325,3.324,3.32,60.0,62.0,62.0,60.0,5.0,13.29
2026-07-20 03:09:30,97,60,18.0,95.5,"98,5",3.32,3.325,3.324,3.319,60.0,62.0,62.0,59.0,6.0,13.29
2026-07-20 03:30:40,97,60,17.0,95.5,"98,5",3.32,3.325,3.324,3.32,60.0,62.0,62.0,60.0,5.0,13.29
2026-07-20 03:51:06,97,60,17.0,95.5,"98,5",3.32,3.325,3.324,3.32,60.0,62.0,62.0,60.0,5.0,13.29
2026-07-20 04:11:32,97,60,17.0,95.5,"98,5",3.32,3.325,3.324,3.32,60.0,62.0,62.0,60.0,5.0,13.29
2026-07-20 04:35:44,96,60,17.0,94.6,"98,5",3.32,3.324,3.324,3.319,60.0,62.0,62.0,59.0,5.0,13.29
2026-07-20 04:56:55,96,60,17.0,94.6,"98,5",3.321,3.325,3.324,3.32,60.0,62.0,62.0,60.0,5.0,13.29
2026-07-20 05:17:21,96,60,17.0,94.6,"98,5",3.321,3.325,3.324,3.32,60.0,62.0,62.0,60.0,5.0,13.29
2026-07-20 05:41:33,96,60,16.0,94.6,"98,5",3.321,3.325,3.324,3.32,60.0,62.0,62.0,60.0,5.0,13.29
2026-07-20 06:02:43,96,60,16.0,94.6,"98,5",3.323,3.327,3.326,3.321,61.0,63.0,63.0,60.0,6.0,13.3
2026-07-20 06:23:09,96,60,16.0,94.6,"98,5",3.324,3.328,3.327,3.323,62.0,64.0,63.0,61.0,5.0,13.3
2026-07-20 06:43:36,96,60,16.0,94.6,"98,5",3.325,3.33,3.328,3.324,62.0,65.0,64.0,62.0,6.0,13.31
2026-07-20 07:04:05,96,60,15.0,94.6,"98,5",3.328,3.331,3.331,3.326,64.0,65.0,65.0,63.0,5.0,13.32
2026-07-20 07:24:32,96,60,15.0,94.6,"98,5",3.33,3.335,3.334,3.33,65.0,67.0,67.0,65.0,5.0,13.33
2026-07-20 07:44:59,96,60,15.0,94.6,"98,5",3.334,3.338,3.337,3.333,67.0,69.0,68.0,66.0,5.0,13.34
2026-07-20 08:05:26,99,60,16.0,97.5,"98,5",3.58,3.592,3.589,3.583,190.0,196.0,194.0,192.0,12.0,14.34
2026-07-20 08:25:53,99,60,16.0,97.5,"98,5",3.577,3.609,3.606,3.593,188.0,204.0,203.0,196.0,32.0,14.38
2026-07-20 08:46:20,99,60,16.0,97.5,"98,5",3.534,3.553,3.551,3.542,167.0,176.0,176.0,171.0,19.0,14.18
2026-07-20 09:06:46,99,60,17.0,97.5,"98,5",3.535,3.553,3.551,3.542,167.0,176.0,176.0,171.0,18.0,14.18
2026-07-21 07:19:29,96,60,15.0,94.6,"98,5",3.329,3.332,3.332,3.327,64.0,66.0,66.0,63.0,5.0,13.32
2026-07-21 07:40:40,97,60,15.0,95.5,"98,5",3.35,3.355,3.354,3.35,75.0,77.0,77.0,75.0,5.0,13.41
2026-07-21 08:01:07,97,60,15.0,95.5,"98,5",3.373,3.376,3.375,3.369,87.0,88.0,87.0,85.0,7.0,13.49
2026-07-21 08:21:34,99,60,15.0,97.5,"98,5",3.579,3.608,3.606,3.594,190.0,204.0,203.0,197.0,29.0,14.39
2026-07-21 08:42:02,99,60,15.0,97.5,"98,5",3.533,3.552,3.55,3.541,166.0,176.0,175.0,170.0,19.0,14.18
2026-07-21 09:02:30,99,60,15.0,97.5,"98,5",3.534,3.553,3.551,3.542,167.0,176.0,176.0,171.0,19.0,14.18
2026-07-21 09:22:59,99,60,16.0,97.5,"98,5",3.535,3.553,3.551,3.543,167.0,176.0,176.0,172.0,18.0,14.18
2026-07-21 09:43:26,99,60,16.0,97.5,"98,5",3.536,3.553,3.551,3.543,168.0,176.0,176.0,172.0,17.0,14.18
2026-07-21 10:03:53,99,60,16.0,97.5,"98,5",3.536,3.554,3.552,3.544,168.0,177.0,176.0,172.0,18.0,14.19
2026-07-21 10:24:21,99,60,17.0,97.5,"98,5",3.493,3.504,3.504,3.497,146.0,152.0,152.0,148.0,11.0,14.0
2026-07-21 10:44:48,99,60,18.0,97.5,"98,5",3.449,3.459,3.46,3.454,124.0,129.0,130.0,127.0,11.0,13.82
2026-07-21 11:05:16,99,60,18.0,97.5,"98,5",3.416,3.425,3.425,3.419,108.0,112.0,112.0,109.0,9.0,13.68
2026-07-21 11:25:44,99,60,19.0,97.5,"98,5",3.392,3.401,3.401,3.395,96.0,100.0,100.0,97.0,9.0,13.59
2026-07-21 11:46:12,99,60,20.0,97.5,"98,5",3.373,3.381,3.38,3.375,87.0,90.0,90.0,87.0,8.0,13.51
2026-07-21 12:06:39,99,60,21.0,97.5,"98,5",3.373,3.378,3.375,3.371,87.0,89.0,87.0,85.0,7.0,13.5
2026-07-21 12:27:07,99,60,21.0,97.5,"98,5",3.373,3.378,3.375,3.371,87.0,89.0,87.0,85.0,7.0,13.5
2026-07-21 12:51:21,99,60,22.0,97.5,"98,5",3.373,3.378,3.375,3.372,87.0,89.0,87.0,86.0,6.0,13.5
2026-07-21 13:11:54,99,60,23.0,97.5,"98,5",3.373,3.379,3.377,3.372,87.0,89.0,88.0,86.0,7.0,13.5
2026-07-21 13:32:22,99,60,24.0,97.5,"98,5",3.373,3.379,3.377,3.372,87.0,89.0,88.0,86.0,7.0,13.5
2026-07-21 13:52:50,99,60,25.0,97.5,"98,5",3.373,3.379,3.378,3.373,87.0,89.0,89.0,87.0,6.0,13.5
2026-07-21 14:17:04,99,60,26.0,97.5,"98,5",3.373,3.379,3.377,3.372,87.0,89.0,88.0,86.0,7.0,13.5
2026-07-21 14:38:13,99,60,26.0,97.5,"98,5",3.373,3.379,3.378,3.373,87.0,89.0,89.0,87.0,6.0,13.5
2026-07-21 14:58:42,99,60,27.0,97.5,"98,5",3.373,3.38,3.378,3.373,87.0,90.0,89.0,87.0,7.0,13.5
2026-07-21 15:19:10,99,60,27.0,97.5,"98,5",3.373,3.379,3.378,3.373,87.0,89.0,89.0,87.0,6.0,13.5
2026-07-21 15:39:38,99,60,28.0,97.5,"98,5",3.373,3.379,3.378,3.373,87.0,89.0,89.0,87.0,6.0,13.5
2026-07-21 16:00:06,99,60,28.0,97.5,"98,5",3.373,3.38,3.379,3.374,87.0,90.0,89.0,87.0,7.0,13.51
2026-07-21 16:20:33,99,60,29.0,97.5,"98,5",3.575,3.606,3.604,3.591,188.0,203.0,202.0,196.0,31.0,14.38
2026-07-21 16:41:01,99,60,29.0,97.5,"98,5",3.535,3.551,3.55,3.542,167.0,176.0,175.0,171.0,16.0,14.18
2026-07-21 17:01:29,99,60,29.0,97.5,"98,5",3.477,3.491,3.491,3.483,138.0,145.0,145.0,141.0,14.0,13.94
2026-07-21 17:21:56,99,60,29.0,97.5,"98,5",3.423,3.433,3.433,3.426,111.0,116.0,116.0,113.0,10.0,13.71
2026-07-21 17:42:23,99,60,29.0,97.5,"98,5",3.371,3.377,3.375,3.369,85.0,88.0,87.0,85.0,8.0,13.49
2026-07-21 17:55:31,99,60,29.0,97.5,"98,5",3.371,3.377,3.375,3.369,85.0,88.0,87.0,85.0,8.0,13.49
2026-07-21 18:16:41,99,60,29.0,97.5,"98,5",3.373,3.378,3.376,3.371,87.0,89.0,88.0,85.0,7.0,13.5
2026-07-21 18:37:09,99,60,29.0,97.5,"98,5",3.372,3.378,3.375,3.371,86.0,89.0,87.0,85.0,7.0,13.5
2026-07-21 18:57:37,99,60,29.0,97.5,"98,5",3.372,3.378,3.375,3.37,86.0,89.0,87.0,85.0,8.0,13.5
2026-07-21 19:18:05,99,60,29.0,97.5,"98,5",3.37,3.376,3.375,3.369,85.0,88.0,87.0,85.0,7.0,13.49
2026-07-21 19:38:33,99,60,29.0,97.5,"98,5",3.37,3.376,3.375,3.369,85.0,88.0,87.0,85.0,7.0,13.49
2026-07-21 19:59:01,99,60,29.0,97.5,"98,5",3.355,3.363,3.363,3.357,77.0,81.0,81.0,79.0,8.0,13.44
2026-07-21 20:19:28,99,60,28.0,97.5,"98,5",3.34,3.346,3.346,3.341,70.0,73.0,73.0,70.0,6.0,13.37
2026-07-21 20:39:55,99,60,28.0,97.5,"98,5",3.329,3.334,3.334,3.329,64.0,67.0,67.0,64.0,5.0,13.33
2026-07-21 21:00:23,98,60,28.0,96.5,"98,5",3.323,3.328,3.328,3.323,61.0,64.0,64.0,61.0,5.0,13.3
2026-07-21 21:20:51,98,60,27.0,96.5,"98,5",3.324,3.329,3.329,3.324,62.0,64.0,64.0,62.0,5.0,13.31
2026-07-21 22:12:25,98,60,26.0,96.5,"98,5",3.324,3.328,3.328,3.323,62.0,64.0,64.0,61.0,5.0,13.3
2026-07-21 22:34:36,98,60,26.0,96.5,"98,5",3.323,3.328,3.328,3.323,61.0,64.0,64.0,61.0,5.0,13.3
2026-07-21 22:55:04,98,60,26.0,96.5,"98,5",3.323,3.328,3.328,3.323,61.0,64.0,64.0,61.0,5.0,13.3
2026-07-21 23:15:31,98,60,25.0,96.5,"98,5",3.323,3.328,3.328,3.323,61.0,64.0,64.0,61.0,5.0,13.3
2026-07-21 23:36:00,98,60,25.0,96.5,"98,5",3.323,3.328,3.328,3.323,61.0,64.0,64.0,61.0,5.0,13.3
2026-07-21 23:56:28,98,60,25.0,96.5,"98,5",3.323,3.328,3.328,3.323,61.0,64.0,64.0,61.0,5.0,13.3
2026-07-22 00:20:27,98,60,24.0,96.5,"98,5",3.323,3.328,3.328,3.323,61.0,64.0,64.0,61.0,5.0,13.3
2026-07-22 00:41:55,98,60,24.0,96.5,"98,5",3.323,3.328,3.328,3.323,61.0,64.0,64.0,61.0,5.0,13.3
2026-07-22 01:02:23,97,60,24.0,95.5,"98,5",3.323,3.327,3.327,3.322,61.0,63.0,63.0,61.0,5.0,13.3
2026-07-22 01:22:51,97,60,23.0,95.5,"98,5",3.323,3.327,3.327,3.322,61.0,63.0,63.0,61.0,5.0,13.3
2026-07-22 01:43:58,97,60,23.0,95.5,"98,5",3.323,3.327,3.327,3.322,61.0,63.0,63.0,61.0,5.0,13.3
2026-07-22 02:04:25,97,60,23.0,95.5,"98,5",3.322,3.327,3.327,3.322,61.0,63.0,63.0,61.0,5.0,13.3
2026-07-22 02:24:52,97,60,23.0,95.5,"98,5",3.323,3.327,3.327,3.322,61.0,63.0,63.0,61.0,5.0,13.3
2026-07-22 02:45:19,97,60,22.0,95.5,"98,5",3.322,3.327,3.326,3.321,61.0,63.0,63.0,60.0,6.0,13.3
2026-07-22 03:05:46,97,60,22.0,95.5,"98,5",3.322,3.327,3.326,3.321,61.0,63.0,63.0,60.0,6.0,13.3
2026-07-22 03:26:13,97,60,22.0,95.5,"98,5",3.322,3.327,3.326,3.321,61.0,63.0,63.0,60.0,6.0,13.3
2026-07-22 03:46:41,97,60,22.0,95.5,"98,5",3.322,3.326,3.326,3.321,61.0,63.0,63.0,60.0,5.0,13.29
2026-07-22 04:07:10,97,60,22.0,95.5,"98,5",3.322,3.327,3.326,3.321,61.0,63.0,63.0,60.0,6.0,13.3
2026-07-22 04:35:06,97,60,21.0,95.5,"98,5",3.321,3.326,3.326,3.321,60.0,63.0,63.0,60.0,5.0,13.29
2026-07-22 04:56:17,96,60,21.0,94.6,"98,5",3.321,3.326,3.325,3.321,60.0,63.0,62.0,60.0,5.0,13.29
2026-07-22 05:16:45,96,60,21.0,94.6,"98,5",3.322,3.326,3.326,3.321,61.0,63.0,63.0,60.0,5.0,13.29
2026-07-22 05:37:13,96,60,21.0,94.6,"98,5",3.323,3.327,3.326,3.321,61.0,63.0,63.0,60.0,6.0,13.3
2026-07-22 05:57:40,96,60,21.0,94.6,"98,5",3.324,3.329,3.328,3.324,62.0,64.0,64.0,62.0,5.0,13.3
2026-07-22 06:18:08,96,60,20.0,94.6,"98,5",3.326,3.331,3.33,3.326,63.0,65.0,65.0,63.0,5.0,13.31
2026-07-22 06:38:36,96,60,20.0,94.6,"98,5",3.326,3.331,3.33,3.326,63.0,65.0,65.0,63.0,5.0,13.31
2026-07-22 06:59:08,96,60,20.0,94.6,"98,5",3.328,3.331,3.332,3.327,64.0,65.0,66.0,63.0,5.0,13.32
2026-07-22 07:20:13,96,60,20.0,94.6,"98,5",3.331,3.335,3.335,3.33,65.0,67.0,67.0,65.0,5.0,13.33
2026-07-22 07:40:40,96,60,20.0,94.6,"98,5",3.334,3.339,3.338,3.334,67.0,69.0,69.0,67.0,5.0,13.34
2026-07-22 08:01:06,97,60,20.0,95.5,"98,5",3.343,3.348,3.347,3.343,71.0,74.0,73.0,71.0,5.0,13.38
2026-07-22 08:21:33,97,60,20.0,95.5,"98,5",3.356,3.361,3.36,3.356,78.0,81.0,80.0,78.0,5.0,13.43
2026-07-22 08:42:01,97,60,20.0,95.5,"98,5",3.358,3.364,3.362,3.357,79.0,82.0,81.0,79.0,7.0,13.44
2026-07-22 09:02:29,97,60,20.0,95.5,"98,5",3.36,3.364,3.364,3.36,80.0,82.0,82.0,80.0,4.0,13.45
2026-07-22 10:04:05,99,60,20.0,97.5,"98,5",3.579,3.606,3.603,3.591,190.0,203.0,202.0,196.0,27.0,14.38
2026-07-22 10:25:14,99,60,20.0,97.5,"98,5",3.535,3.554,3.553,3.543,167.0,177.0,176.0,172.0,19.0,14.18
2026-07-22 10:45:42,99,60,20.0,97.5,"98,5",3.536,3.554,3.553,3.544,168.0,177.0,176.0,172.0,18.0,14.19
2026-07-22 11:06:10,99,60,20.0,97.5,"98,5",3.537,3.554,3.553,3.544,168.0,177.0,176.0,172.0,17.0,14.19
2026-07-22 11:26:38,99,60,20.0,97.5,"98,5",3.537,3.554,3.553,3.544,168.0,177.0,176.0,172.0,17.0,14.19
2026-07-22 11:47:05,99,60,21.0,97.5,"98,5",3.538,3.554,3.553,3.544,169.0,177.0,176.0,172.0,16.0,14.19
2026-07-22 12:07:32,99,60,21.0,97.5,"98,5",3.506,3.52,3.518,3.511,153.0,160.0,159.0,155.0,14.0,14.05
2026-07-22 12:27:59,99,60,21.0,97.5,"98,5",3.46,3.47,3.47,3.464,130.0,135.0,135.0,132.0,10.0,13.86
2026-07-22 12:48:26,99,60,21.0,97.5,"98,5",3.424,3.434,3.433,3.427,112.0,117.0,116.0,113.0,10.0,13.72
2026-07-22 13:09:34,99,60,22.0,97.5,"98,5",3.398,3.406,3.406,3.401,99.0,103.0,103.0,100.0,8.0,13.61
2026-07-22 13:30:01,99,60,22.0,97.5,"98,5",3.378,3.387,3.386,3.381,89.0,93.0,93.0,90.0,9.0,13.53
2026-07-22 13:50:28,99,60,22.0,97.5,"98,5",3.372,3.377,3.375,3.37,86.0,88.0,87.0,85.0,7.0,13.49
2026-07-22 14:10:56,99,60,22.0,97.5,"98,5",3.373,3.378,3.375,3.371,87.0,89.0,87.0,85.0,7.0,13.5
2026-07-22 14:31:24,99,60,23.0,97.5,"98,5",3.373,3.378,3.375,3.371,87.0,89.0,87.0,85.0,7.0,13.5
2026-07-22 14:51:52,99,60,23.0,97.5,"98,5",3.373,3.378,3.375,3.371,87.0,89.0,87.0,85.0,7.0,13.5
2026-07-22 15:12:20,99,60,23.0,97.5,"98,5",3.373,3.378,3.375,3.371,87.0,89.0,87.0,85.0,7.0,13.5
2026-07-22 15:32:47,99,60,23.0,97.5,"98,5",3.373,3.378,3.375,3.371,87.0,89.0,87.0,85.0,7.0,13.5
2026-07-22 15:53:14,99,60,24.0,97.5,"98,5",3.373,3.378,3.375,3.371,87.0,89.0,87.0,85.0,7.0,13.5
2026-07-22 16:13:42,99,60,24.0,97.5,"98,5",3.373,3.378,3.375,3.371,87.0,89.0,87.0,85.0,7.0,13.5
2026-07-22 16:34:10,99,60,24.0,97.5,"98,5",3.373,3.378,3.375,3.371,87.0,89.0,87.0,85.0,7.0,13.5
2026-07-22 16:54:37,99,60,24.0,97.5,"98,5",3.373,3.378,3.376,3.372,87.0,89.0,88.0,86.0,6.0,13.5
2026-07-22 17:15:05,99,60,25.0,97.5,"98,5",3.373,3.378,3.375,3.371,87.0,89.0,87.0,85.0,7.0,13.5
2026-07-22 17:35:32,99,60,25.0,97.5,"98,5",3.373,3.378,3.375,3.372,87.0,89.0,87.0,86.0,6.0,13.5
2026-07-22 17:55:59,99,60,25.0,97.5,"98,5",3.373,3.378,3.375,3.371,87.0,89.0,87.0,85.0,7.0,13.5
2026-07-22 18:16:26,99,60,25.0,97.5,"98,5",3.373,3.378,3.376,3.372,87.0,89.0,88.0,86.0,6.0,13.5
2026-07-22 18:36:53,99,60,25.0,97.5,"98,5",3.372,3.378,3.375,3.37,86.0,89.0,87.0,85.0,8.0,13.5
2026-07-22 18:57:21,99,60,26.0,97.5,"98,5",3.393,3.4,3.402,3.396,96.0,100.0,101.0,98.0,9.0,13.59
2026-07-22 19:17:49,99,60,26.0,97.5,"98,5",3.559,3.586,3.585,3.573,180.0,193.0,192.0,186.0,27.0,14.3
2026-07-22 19:38:17,99,60,26.0,97.5,"98,5",3.484,3.498,3.497,3.49,142.0,149.0,148.0,145.0,14.0,13.97
2026-07-22 19:58:45,99,60,26.0,97.5,"98,5",3.439,3.452,3.451,3.444,119.0,126.0,125.0,122.0,13.0,13.79
2026-07-22 20:19:13,99,60,26.0,97.5,"98,5",3.408,3.417,3.417,3.411,104.0,108.0,108.0,105.0,9.0,13.65
2026-07-22 20:39:40,99,60,26.0,97.5,"98,5",3.386,3.394,3.395,3.388,93.0,97.0,97.0,94.0,9.0,13.56
2026-07-22 21:00:07,99,60,26.0,97.5,"98,5",3.371,3.377,3.375,3.369,85.0,88.0,87.0,85.0,8.0,13.49
2026-07-22 21:20:35,99,60,26.0,97.5,"98,5",3.358,3.364,3.365,3.36,79.0,82.0,83.0,80.0,7.0,13.45
2026-07-22 21:44:49,99,60,26.0,97.5,"98,5",3.344,3.351,3.351,3.346,72.0,75.0,75.0,73.0,7.0,13.39
2026-07-22 22:05:59,99,60,26.0,97.5,"98,5",3.336,3.342,3.342,3.335,68.0,71.0,71.0,67.0,7.0,13.36
2026-07-22 22:26:27,99,60,25.0,97.5,"98,5",3.33,3.336,3.336,3.331,65.0,68.0,68.0,65.0,6.0,13.33
2026-07-22 22:46:55,99,60,25.0,97.5,"98,5",3.328,3.331,3.332,3.327,64.0,65.0,66.0,63.0,5.0,13.32
2026-07-22 23:07:23,99,60,25.0,97.5,"98,5",3.326,3.331,3.33,3.326,63.0,65.0,65.0,63.0,5.0,13.31
2026-07-22 23:39:11,98,60,25.0,96.5,"98,5",3.323,3.328,3.328,3.323,61.0,64.0,64.0,61.0,5.0,13.3
2026-07-23 00:00:18,98,60,24.0,96.5,"98,5",3.324,3.328,3.328,3.323,62.0,64.0,64.0,61.0,5.0,13.3
2026-07-23 00:20:46,98,60,24.0,96.5,"98,5",3.323,3.328,3.328,3.323,61.0,64.0,64.0,61.0,5.0,13.3
2026-07-23 00:41:13,98,60,24.0,96.5,"98,5",3.323,3.327,3.327,3.322,61.0,63.0,63.0,61.0,5.0,13.3
2026-07-23 01:01:42,98,60,23.0,96.5,"98,5",3.323,3.327,3.327,3.322,61.0,63.0,63.0,61.0,5.0,13.3
2026-07-23 01:22:10,98,60,23.0,96.5,"98,5",3.322,3.327,3.326,3.321,61.0,63.0,63.0,60.0,6.0,13.3
2026-07-23 01:42:38,98,60,23.0,96.5,"98,5",3.322,3.327,3.326,3.321,61.0,63.0,63.0,60.0,6.0,13.3
2026-07-23 02:03:06,98,60,22.0,96.5,"98,5",3.322,3.326,3.326,3.321,61.0,63.0,63.0,60.0,5.0,13.29
2026-07-23 02:23:35,98,60,22.0,96.5,"98,5",3.322,3.327,3.326,3.321,61.0,63.0,63.0,60.0,6.0,13.3
2026-07-23 02:44:02,98,60,22.0,96.5,"98,5",3.322,3.327,3.326,3.321,61.0,63.0,63.0,60.0,6.0,13.3
2026-07-23 03:04:30,97,60,21.0,95.5,"98,5",3.322,3.326,3.326,3.321,61.0,63.0,63.0,60.0,5.0,13.29
2026-07-23 03:24:57,97,60,21.0,95.5,"98,5",3.322,3.326,3.326,3.321,61.0,63.0,63.0,60.0,5.0,13.29
2026-07-23 03:45:26,97,60,20.0,95.5,"98,5",3.322,3.326,3.326,3.321,61.0,63.0,63.0,60.0,5.0,13.29
2026-07-23 04:05:53,97,60,20.0,95.5,"98,5",3.322,3.326,3.325,3.321,61.0,63.0,62.0,60.0,5.0,13.29
2026-07-23 04:26:22,97,60,20.0,95.5,"98,5",3.321,3.326,3.325,3.321,60.0,63.0,62.0,60.0,5.0,13.29
2026-07-23 04:46:50,97,60,19.0,95.5,"98,5",3.321,3.326,3.325,3.321,60.0,63.0,62.0,60.0,5.0,13.29
2026-07-23 05:11:04,97,60,19.0,95.5,"98,5",3.321,3.326,3.325,3.32,60.0,63.0,62.0,60.0,6.0,13.29
2026-07-23 05:32:14,97,60,18.0,95.5,"98,5",3.322,3.326,3.326,3.321,61.0,63.0,63.0,60.0,5.0,13.29
2026-07-23 05:53:17,97,60,18.0,95.5,"98,5",3.323,3.327,3.326,3.321,61.0,63.0,63.0,60.0,6.0,13.3
2026-07-23 06:13:45,97,60,17.0,95.5,"98,5",3.323,3.328,3.327,3.322,61.0,64.0,63.0,61.0,6.0,13.3
2026-07-23 06:34:13,97,60,17.0,95.5,"98,5",3.324,3.329,3.328,3.323,62.0,64.0,64.0,61.0,6.0,13.3
2026-07-23 06:54:42,97,60,17.0,95.5,"98,5",3.325,3.33,3.328,3.324,62.0,65.0,64.0,62.0,6.0,13.31
2026-07-23 07:15:10,97,60,16.0,95.5,"98,5",3.326,3.331,3.33,3.326,63.0,65.0,65.0,63.0,5.0,13.31
2026-07-23 07:35:38,97,60,16.0,95.5,"98,5",3.328,3.331,3.331,3.326,64.0,65.0,65.0,63.0,5.0,13.32
2026-07-23 07:56:05,97,60,16.0,95.5,"98,5",3.36,3.364,3.363,3.359,80.0,82.0,81.0,79.0,5.0,13.45
2026-07-23 08:16:33,98,60,15.0,96.5,"98,5",3.373,3.377,3.375,3.37,87.0,88.0,87.0,85.0,7.0,13.5
2026-07-23 08:37:02,99,60,15.0,97.5,"98,5",3.386,3.391,3.389,3.385,93.0,95.0,94.0,92.0,6.0,13.55
2026-07-23 08:57:30,99,60,15.0,97.5,"98,5",3.527,3.547,3.545,3.535,163.0,174.0,172.0,167.0,20.0,14.15
2026-07-23 09:17:58,99,60,15.0,97.5,"98,5",3.533,3.553,3.551,3.542,166.0,176.0,176.0,171.0,20.0,14.18
2026-07-23 09:38:25,99,60,15.0,97.5,"98,5",3.534,3.553,3.551,3.542,167.0,176.0,176.0,171.0,19.0,14.18
2026-07-23 09:58:53,99,60,15.0,97.5,"98,5",3.535,3.553,3.551,3.542,167.0,176.0,176.0,171.0,18.0,14.18
2026-07-23 10:19:21,99,60,16.0,97.5,"98,5",3.516,3.532,3.531,3.524,158.0,166.0,165.0,162.0,16.0,14.1
2026-07-23 10:39:48,99,60,16.0,97.5,"98,5",3.516,3.532,3.531,3.523,158.0,166.0,165.0,161.0,16.0,14.1
2026-07-23 11:00:16,99,60,16.0,97.5,"98,5",3.489,3.504,3.502,3.495,144.0,152.0,151.0,147.0,15.0,13.99
2026-07-23 11:20:44,99,60,16.0,97.5,"98,5",3.35,3.355,3.355,3.349,75.0,77.0,77.0,75.0,6.0,13.41
2026-07-23 11:41:12,99,60,17.0,97.5,"98,5",3.37,3.375,3.375,3.369,85.0,87.0,87.0,85.0,6.0,13.49
2026-07-23 12:01:41,99,60,18.0,97.5,"98,5",3.361,3.364,3.367,3.363,81.0,82.0,83.0,81.0,6.0,13.45
2026-07-23 12:22:08,99,60,18.0,97.5,"98,5",3.353,3.359,3.358,3.354,77.0,79.0,79.0,77.0,6.0,13.42
2026-07-23 12:42:36,99,60,18.0,97.5,"98,5",3.37,3.376,3.375,3.369,85.0,88.0,87.0,85.0,7.0,13.49
2026-07-23 13:03:04,99,60,19.0,97.5,"98,5",3.359,3.364,3.365,3.36,79.0,82.0,83.0,80.0,6.0,13.45
2026-07-23 13:23:32,99,60,19.0,97.5,"98,5",3.352,3.358,3.358,3.352,76.0,79.0,79.0,76.0,6.0,13.42
2026-07-23 13:44:00,99,60,20.0,97.5,"98,5",3.37,3.376,3.375,3.369,85.0,88.0,87.0,85.0,7.0,13.49
2026-07-23 14:04:28,99,60,20.0,97.5,"98,5",3.36,3.364,3.367,3.361,80.0,82.0,83.0,81.0,7.0,13.45
2026-07-23 14:24:56,99,60,21.0,97.5,"98,5",3.351,3.359,3.358,3.352,75.0,79.0,79.0,76.0,8.0,13.42
2026-07-23 14:49:11,99,60,21.0,97.5,"98,5",3.354,3.361,3.361,3.356,77.0,81.0,81.0,78.0,7.0,13.43
2026-07-23 15:10:23,99,60,22.0,97.5,"98,5",3.352,3.358,3.358,3.354,76.0,79.0,79.0,77.0,6.0,13.42
2026-07-23 15:30:51,99,60,22.0,97.5,"98,5",3.575,3.61,3.607,3.592,188.0,205.0,204.0,196.0,35.0,14.38
2026-07-23 15:51:19,99,60,22.0,97.5,"98,5",3.578,3.608,3.605,3.593,189.0,204.0,202.0,196.0,30.0,14.38
2026-07-23 16:11:47,99,60,22.0,97.5,"98,5",3.579,3.607,3.604,3.593,190.0,204.0,202.0,196.0,28.0,14.38
2026-07-23 16:32:15,99,60,22.0,97.5,"98,5",3.58,3.606,3.604,3.593,190.0,203.0,202.0,196.0,26.0,14.38
2026-07-23 16:52:42,99,60,22.0,97.5,"98,5",3.573,3.611,3.608,3.593,186.0,206.0,204.0,196.0,38.0,14.38
2026-07-23 17:13:10,99,60,22.0,97.5,"98,5",3.577,3.608,3.605,3.593,188.0,204.0,202.0,196.0,31.0,14.38
2026-07-23 17:37:25,99,60,22.0,97.5,"98,5",3.579,3.606,3.604,3.593,190.0,203.0,202.0,196.0,27.0,14.38
2026-07-23 17:58:35,99,60,22.0,97.5,"98,5",3.449,3.459,3.459,3.452,124.0,129.0,129.0,126.0,10.0,13.82
2026-07-23 18:19:03,99,60,22.0,97.5,"98,5",3.372,3.377,3.375,3.369,86.0,88.0,87.0,85.0,8.0,13.49
2026-07-23 18:39:31,99,60,22.0,97.5,"98,5",3.331,3.336,3.336,3.331,65.0,68.0,68.0,65.0,5.0,13.33
2026-07-23 18:59:59,99,60,22.0,97.5,"98,5",3.397,3.405,3.404,3.398,98.0,102.0,102.0,99.0,8.0,13.6
2026-07-23 19:20:27,99,60,22.0,97.5,"98,5",3.356,3.364,3.363,3.357,78.0,82.0,81.0,79.0,8.0,13.44
2026-07-23 19:40:54,99,60,22.0,97.5,"98,5",3.326,3.331,3.331,3.326,63.0,65.0,65.0,63.0,5.0,13.31
2026-07-23 20:05:08,98,60,23.0,96.5,"98,5",3.33,3.334,3.334,3.329,65.0,67.0,67.0,64.0,5.0,13.33
2026-07-23 20:26:19,98,60,23.0,96.5,"98,5",3.321,3.326,3.326,3.321,60.0,63.0,63.0,60.0,5.0,13.29
2026-07-23 20:46:47,98,60,23.0,96.5,"98,5",3.309,3.314,3.313,3.309,54.0,57.0,56.0,54.0,5.0,13.25
2026-07-23 21:07:15,97,60,23.0,95.5,"98,5",3.321,3.326,3.326,3.321,60.0,63.0,63.0,60.0,5.0,13.29
2026-07-23 21:27:42,97,60,23.0,95.5,"98,5",3.317,3.322,3.321,3.317,58.0,61.0,60.0,58.0,5.0,13.28
2026-07-23 21:48:10,97,60,23.0,95.5,"98,5",3.323,3.327,3.327,3.322,61.0,63.0,63.0,61.0,5.0,13.3
2026-07-23 22:08:38,96,60,23.0,94.6,"98,5",3.321,3.326,3.325,3.32,60.0,63.0,62.0,60.0,6.0,13.29
2026-07-23 22:29:05,96,60,23.0,94.6,"98,5",3.314,3.318,3.318,3.314,57.0,59.0,59.0,57.0,4.0,13.26
2026-07-23 22:49:32,95,60,23.0,93.6,"98,5",3.322,3.327,3.326,3.321,61.0,63.0,63.0,60.0,6.0,13.3
2026-07-23 23:09:59,95,60,23.0,93.6,"98,5",3.312,3.316,3.315,3.311,56.0,58.0,57.0,55.0,5.0,13.25
2026-07-23 23:30:27,94,60,23.0,92.6,"98,5",3.322,3.327,3.327,3.322,61.0,63.0,63.0,61.0,5.0,13.3
2026-07-23 23:54:42,94,60,23.0,92.6,"98,5",3.308,3.314,3.312,3.308,54.0,57.0,56.0,54.0,6.0,13.24
2026-07-24 00:15:50,94,60,23.0,92.6,"98,5",3.323,3.327,3.327,3.322,61.0,63.0,63.0,61.0,5.0,13.3
2026-07-24 00:36:18,93,60,23.0,91.6,"98,5",3.309,3.314,3.314,3.309,54.0,57.0,57.0,54.0,5.0,13.25
2026-07-24 00:56:45,93,60,23.0,91.6,"98,5",3.323,3.328,3.327,3.322,61.0,64.0,63.0,61.0,6.0,13.3
2026-07-24 01:17:13,92,60,23.0,90.6,"98,5",3.31,3.315,3.315,3.31,55.0,57.0,57.0,55.0,5.0,13.25
2026-07-24 01:37:40,92,60,22.0,90.6,"98,5",3.323,3.328,3.327,3.322,61.0,64.0,63.0,61.0,6.0,13.3
2026-07-24 01:58:06,92,60,22.0,90.6,"98,5",3.314,3.32,3.319,3.314,57.0,60.0,59.0,57.0,6.0,13.27
2026-07-24 02:18:34,91,60,22.0,89.6,"98,5",3.322,3.327,3.326,3.321,61.0,63.0,63.0,60.0,6.0,13.3
2026-07-24 02:39:02,91,60,22.0,89.6,"98,5",3.324,3.329,3.328,3.323,62.0,64.0,64.0,61.0,6.0,13.3
2026-07-24 02:59:30,91,60,22.0,89.6,"98,5",3.32,3.325,3.324,3.32,60.0,62.0,62.0,60.0,5.0,13.29
2026-07-24 03:19:58,91,60,21.0,89.6,"98,5",3.323,3.328,3.328,3.323,61.0,64.0,64.0,61.0,5.0,13.3
2026-07-24 03:40:25,90,60,21.0,88.7,"98,5",3.314,3.319,3.318,3.314,57.0,59.0,59.0,57.0,5.0,13.27
2026-07-24 04:04:40,90,60,21.0,88.7,"98,5",3.322,3.327,3.326,3.321,61.0,63.0,63.0,60.0,6.0,13.3
2026-07-24 04:25:49,89,60,21.0,87.7,"98,5",3.308,3.314,3.313,3.308,54.0,57.0,56.0,54.0,6.0,13.24
2026-07-24 04:50:04,89,60,21.0,87.7,"98,5",3.321,3.326,3.326,3.321,60.0,63.0,63.0,60.0,5.0,13.29
2026-07-24 05:14:57,89,60,20.0,87.7,"98,5",3.317,3.321,3.321,3.315,58.0,60.0,60.0,57.0,6.0,13.27
2026-07-24 05:36:06,89,60,20.0,87.7,"98,5",3.321,3.326,3.325,3.32,60.0,63.0,62.0,60.0,6.0,13.29
2026-07-24 05:56:34,88,60,20.0,86.7,"98,5",3.324,3.329,3.328,3.323,62.0,64.0,64.0,61.0,6.0,13.3
2026-07-24 06:17:02,88,60,20.0,86.7,"98,5",3.309,3.314,3.314,3.308,54.0,57.0,57.0,54.0,6.0,13.25
2026-07-24 06:37:30,88,60,19.0,86.7,"98,5",3.326,3.331,3.33,3.325,63.0,65.0,65.0,62.0,6.0,13.31
2026-07-24 06:57:57,88,60,19.0,86.7,"98,5",3.329,3.332,3.332,3.328,64.0,66.0,66.0,64.0,4.0,13.32
2026-07-24 07:18:25,88,60,19.0,86.7,"98,5",3.323,3.328,3.327,3.323,61.0,64.0,63.0,61.0,5.0,13.3
2026-07-24 07:38:53,88,60,19.0,86.7,"98,5",3.334,3.338,3.337,3.333,67.0,69.0,68.0,66.0,5.0,13.34
2026-07-24 07:59:20,88,60,19.0,86.7,"98,5",3.34,3.345,3.343,3.34,70.0,73.0,71.0,70.0,5.0,13.37
2026-07-24 08:19:58,88,60,19.0,86.7,"98,5",3.336,3.341,3.34,3.335,68.0,70.0,70.0,67.0,6.0,13.35
2026-07-24 08:40:26,88,60,19.0,86.7,"98,5",3.34,3.344,3.342,3.338,70.0,72.0,71.0,69.0,6.0,13.36
2026-07-24 09:00:53,88,60,19.0,86.7,"98,5",3.334,3.338,3.338,3.334,67.0,69.0,69.0,67.0,4.0,13.34
2026-07-24 09:21:21,89,60,19.0,87.7,"98,5",3.34,3.344,3.342,3.338,70.0,72.0,71.0,69.0,6.0,13.36
2026-07-24 09:41:49,89,60,19.0,87.7,"98,5",3.338,3.342,3.342,3.335,69.0,71.0,71.0,67.0,7.0,13.36
2026-07-24 10:02:17,89,60,19.0,87.7,"98,5",3.355,3.36,3.358,3.354,77.0,80.0,79.0,77.0,6.0,13.43
2026-07-24 10:22:44,90,60,19.0,88.7,"98,5",3.34,3.345,3.344,3.34,70.0,73.0,72.0,70.0,5.0,13.37
2026-07-24 10:43:12,91,60,20.0,89.6,"98,5",3.364,3.366,3.369,3.364,82.0,83.0,85.0,82.0,5.0,13.46
2026-07-24 11:03:40,91,60,20.0,89.6,"98,5",3.35,3.355,3.354,3.349,75.0,77.0,77.0,75.0,6.0,13.41
2026-07-24 11:24:08,92,60,20.0,90.6,"98,5",3.359,3.364,3.363,3.358,79.0,82.0,81.0,79.0,6.0,13.44
2026-07-24 11:44:36,92,60,21.0,90.6,"98,5",3.355,3.361,3.36,3.355,77.0,81.0,80.0,77.0,6.0,13.43
2026-07-24 12:05:05,94,60,21.0,92.6,"98,5",3.351,3.356,3.355,3.351,75.0,78.0,77.0,75.0,5.0,13.41
2026-07-24 12:25:32,94,61,21.0,92.6,"98,5",3.364,3.367,3.369,3.364,82.0,83.0,85.0,82.0,5.0,13.46
2026-07-24 12:49:47,95,61,22.0,93.6,"98,5",3.352,3.357,3.357,3.352,76.0,79.0,79.0,76.0,5.0,13.42
2026-07-24 13:10:56,96,61,22.0,94.6,"98,5",3.366,3.369,3.371,3.366,83.0,85.0,85.0,83.0,5.0,13.47
2026-07-24 13:32:01,97,61,22.0,95.5,"98,5",3.368,3.372,3.374,3.369,84.0,86.0,87.0,85.0,6.0,13.48
2026-07-24 13:52:28,97,61,23.0,95.5,"98,5",3.338,3.342,3.342,3.336,69.0,71.0,71.0,68.0,6.0,13.36
2026-07-24 14:12:56,98,61,23.0,96.5,"98,5",3.373,3.38,3.378,3.374,87.0,90.0,89.0,87.0,7.0,13.51
2026-07-24 14:33:24,98,61,23.0,96.5,"98,5",3.373,3.376,3.375,3.369,87.0,88.0,87.0,85.0,7.0,13.49
2026-07-24 14:53:52,99,61,24.0,97.5,"98,5",3.431,3.44,3.44,3.433,115.0,120.0,120.0,116.0,9.0,13.74
2026-07-24 15:14:19,99,61,24.0,97.5,"98,5",3.409,3.419,3.418,3.412,104.0,109.0,109.0,106.0,10.0,13.66
2026-07-24 15:35:26,99,61,24.0,97.5,"98,5",3.515,3.534,3.534,3.524,157.0,167.0,167.0,162.0,19.0,14.11
2026-07-24 15:55:53,99,61,24.0,97.5,"98,5",3.536,3.554,3.554,3.545,168.0,177.0,177.0,172.0,18.0,14.19
2026-07-24 16:16:22,99,61,24.0,97.5,"98,5",3.538,3.556,3.554,3.545,169.0,178.0,177.0,172.0,18.0,14.19
2026-07-24 16:36:50,99,61,25.0,97.5,"98,5",3.46,3.469,3.47,3.464,130.0,134.0,135.0,132.0,10.0,13.86
2026-07-24 16:57:17,99,61,25.0,97.5,"98,5",3.533,3.554,3.553,3.543,166.0,177.0,176.0,172.0,21.0,14.18
2026-07-24 17:17:45,99,61,25.0,97.5,"98,5",3.439,3.452,3.451,3.444,119.0,126.0,125.0,122.0,13.0,13.79
2026-07-24 17:38:13,99,61,25.0,97.5,"98,5",3.535,3.554,3.554,3.544,167.0,177.0,177.0,172.0,19.0,14.19
2026-07-24 17:58:41,99,61,25.0,97.5,"98,5",3.373,3.381,3.381,3.375,87.0,90.0,90.0,87.0,8.0,13.51
2026-07-24 18:19:10,99,61,25.0,97.5,"98,5",3.344,3.35,3.351,3.346,72.0,75.0,75.0,73.0,7.0,13.39
2026-07-24 18:39:36,99,61,25.0,97.5,"98,5",3.38,3.388,3.388,3.383,90.0,94.0,94.0,91.0,8.0,13.54
2026-07-24 19:00:04,99,61,25.0,97.5,"98,5",3.367,3.373,3.375,3.369,83.0,87.0,87.0,85.0,8.0,13.48
2026-07-24 19:20:31,99,61,25.0,97.5,"98,5",3.373,3.382,3.382,3.376,87.0,91.0,91.0,88.0,9.0,13.51
2026-07-24 19:40:59,99,61,25.0,97.5,"98,5",3.319,3.323,3.323,3.318,59.0,61.0,61.0,59.0,5.0,13.28
2026-07-24 20:01:27,98,61,25.0,96.5,"98,5",3.324,3.329,3.329,3.324,62.0,64.0,64.0,62.0,5.0,13.31
2026-07-24 20:21:54,98,61,25.0,96.5,"98,5",3.312,3.317,3.316,3.311,56.0,58.0,58.0,55.0,6.0,13.26
2026-07-24 20:42:22,97,61,25.0,95.5,"98,5",3.323,3.328,3.328,3.323,61.0,64.0,64.0,61.0,5.0,13.3
2026-07-24 21:02:50,97,61,25.0,95.5,"98,5",3.317,3.322,3.322,3.317,58.0,61.0,61.0,58.0,5.0,13.28
2026-07-24 21:23:17,96,61,25.0,94.6,"98,5",3.323,3.328,3.328,3.323,61.0,64.0,64.0,61.0,5.0,13.3
2026-07-24 21:43:44,96,61,25.0,94.6,"98,5",3.321,3.326,3.325,3.32,60.0,63.0,62.0,60.0,6.0,13.29
2026-07-24 22:04:12,95,61,25.0,93.6,"98,5",3.314,3.318,3.318,3.314,57.0,59.0,59.0,57.0,4.0,13.26
2026-07-24 22:24:39,95,61,25.0,93.6,"98,5",3.322,3.327,3.327,3.321,61.0,63.0,63.0,60.0,6.0,13.3
2026-07-24 22:45:06,94,61,25.0,92.6,"98,5",3.312,3.317,3.317,3.312,56.0,58.0,58.0,56.0,5.0,13.26
2026-07-24 23:05:34,94,61,24.0,92.6,"98,5",3.323,3.327,3.327,3.322,61.0,63.0,63.0,61.0,5.0,13.3
2026-07-24 23:26:02,93,61,24.0,91.6,"98,5",3.311,3.316,3.315,3.311,55.0,58.0,57.0,55.0,5.0,13.25
2026-07-24 23:46:29,93,61,24.0,91.6,"98,5",3.323,3.328,3.328,3.323,61.0,64.0,64.0,61.0,5.0,13.3
2026-07-25 00:06:57,93,61,24.0,91.6,"98,5",3.311,3.316,3.315,3.31,55.0,58.0,57.0,55.0,6.0,13.25
2026-07-25 00:27:25,92,61,23.0,90.6,"98,5",3.323,3.328,3.327,3.322,61.0,64.0,63.0,61.0,6.0,13.3
2026-07-25 00:47:53,92,61,23.0,90.6,"98,5",3.312,3.318,3.317,3.312,56.0,59.0,58.0,56.0,6.0,13.26
2026-07-25 01:08:20,91,61,23.0,89.6,"98,5",3.322,3.326,3.326,3.321,61.0,63.0,63.0,60.0,5.0,13.29
2026-07-25 01:28:47,91,61,23.0,89.6,"98,5",3.324,3.329,3.328,3.323,62.0,64.0,64.0,61.0,6.0,13.3
2026-07-25 01:49:15,91,61,22.0,89.6,"98,5",3.319,3.324,3.323,3.318,59.0,62.0,61.0,59.0,6.0,13.28
2026-07-25 02:09:42,90,61,22.0,88.7,"98,5",3.323,3.328,3.327,3.322,61.0,64.0,63.0,61.0,6.0,13.3
2026-07-25 02:30:10,90,61,22.0,88.7,"98,5",3.314,3.318,3.318,3.313,57.0,59.0,59.0,56.0,5.0,13.26
2026-07-25 02:50:38,90,61,22.0,88.7,"98,5",3.322,3.327,3.326,3.321,61.0,63.0,63.0,60.0,6.0,13.3
2026-07-25 03:11:06,89,61,21.0,87.7,"98,5",3.31,3.315,3.314,3.309,55.0,57.0,57.0,54.0,6.0,13.25
2026-07-25 03:31:34,89,61,21.0,87.7,"98,5",3.32,3.325,3.324,3.32,60.0,62.0,62.0,60.0,5.0,13.29
2026-07-25 03:52:01,89,61,21.0,87.7,"98,5",3.322,3.327,3.326,3.321,61.0,63.0,63.0,60.0,6.0,13.3
2026-07-25 04:12:30,88,61,21.0,86.7,"98,5",3.317,3.322,3.321,3.317,58.0,61.0,60.0,58.0,5.0,13.28
2026-07-25 04:32:57,88,61,21.0,86.7,"98,5",3.321,3.326,3.326,3.321,60.0,63.0,63.0,60.0,5.0,13.29
2026-07-25 04:53:25,87,61,21.0,85.7,"98,5",3.306,3.311,3.31,3.305,53.0,55.0,55.0,52.0,6.0,13.23
2026-07-25 05:17:40,87,61,20.0,85.7,"98,5",3.321,3.326,3.325,3.32,60.0,63.0,62.0,60.0,6.0,13.29
2026-07-25 05:38:15,87,61,20.0,85.7,"98,5",3.308,3.313,3.312,3.308,54.0,56.0,56.0,54.0,5.0,13.24
2026-07-25 05:58:44,86,61,20.0,84.7,"98,5",3.32,3.325,3.324,3.32,60.0,62.0,62.0,60.0,5.0,13.29
2026-07-25 06:19:12,86,61,20.0,84.7,"98,5",3.323,3.327,3.327,3.322,61.0,63.0,63.0,61.0,5.0,13.3
2026-07-25 06:39:40,86,61,20.0,84.7,"98,5",3.317,3.322,3.321,3.317,58.0,61.0,60.0,58.0,5.0,13.28
2026-07-25 07:00:07,86,61,20.0,84.7,"98,5",3.323,3.328,3.327,3.322,61.0,64.0,63.0,61.0,6.0,13.3
2026-07-25 07:20:35,86,61,19.0,84.7,"98,5",3.313,3.318,3.318,3.313,56.0,59.0,59.0,56.0,5.0,13.26
2026-07-25 07:41:03,85,61,19.0,83.7,"98,5",3.323,3.327,3.326,3.321,61.0,63.0,63.0,60.0,6.0,13.3
2026-07-25 08:01:31,85,61,19.0,83.7,"98,5",3.328,3.331,3.332,3.326,64.0,65.0,66.0,63.0,6.0,13.32
2026-07-25 08:21:59,85,61,19.0,83.7,"98,5",3.319,3.323,3.323,3.318,59.0,61.0,61.0,59.0,5.0,13.28
2026-07-25 08:42:26,85,61,19.0,83.7,"98,5",3.33,3.334,3.334,3.329,65.0,67.0,67.0,64.0,5.0,13.33
2026-07-25 09:02:54,85,61,19.0,83.7,"98,5",3.319,3.323,3.323,3.318,59.0,61.0,61.0,59.0,5.0,13.28
2026-07-25 09:23:23,85,61,19.0,83.7,"98,5",3.332,3.336,3.336,3.331,66.0,68.0,68.0,65.0,5.0,13.33
2026-07-25 09:43:50,85,61,19.0,83.7,"98,5",3.338,3.342,3.342,3.335,69.0,71.0,71.0,67.0,7.0,13.36
2026-07-25 10:04:18,85,61,19.0,83.7,"98,5",3.323,3.328,3.327,3.322,61.0,64.0,63.0,61.0,6.0,13.3
2026-07-25 10:24:47,85,61,19.0,83.7,"98,5",3.332,3.336,3.336,3.331,66.0,68.0,68.0,65.0,5.0,13.33
2026-07-25 10:49:01,85,61,19.0,83.7,"98,5",3.314,3.318,3.318,3.314,57.0,59.0,59.0,57.0,4.0,13.26
2026-07-25 11:10:10,85,61,19.0,83.7,"98,5",3.328,3.331,3.331,3.326,64.0,65.0,65.0,63.0,5.0,13.32
2026-07-25 11:30:38,85,61,19.0,83.7,"98,5",3.316,3.321,3.32,3.315,58.0,60.0,60.0,57.0,6.0,13.27
2026-07-25 11:54:52,85,61,19.0,83.7,"98,5",3.334,3.338,3.337,3.333,67.0,69.0,68.0,66.0,5.0,13.34
2026-07-25 12:16:01,85,61,19.0,83.7,"98,5",3.343,3.348,3.347,3.343,71.0,74.0,73.0,71.0,5.0,13.38
2026-07-25 12:36:29,85,61,19.0,83.7,"98,5",3.331,3.335,3.335,3.33,65.0,67.0,67.0,65.0,5.0,13.33
2026-07-25 12:56:55,85,61,19.0,83.7,"98,5",3.34,3.344,3.342,3.338,70.0,72.0,71.0,69.0,6.0,13.36
2026-07-25 13:21:09,85,61,19.0,83.7,"98,5",3.32,3.325,3.324,3.32,60.0,62.0,62.0,60.0,5.0,13.29
2026-07-25 13:42:18,85,61,19.0,83.7,"98,5",3.33,3.335,3.334,3.33,65.0,67.0,67.0,65.0,5.0,13.33
2026-07-25 14:02:45,84,61,19.0,82.7,"98,5",3.31,3.315,3.314,3.31,55.0,57.0,57.0,55.0,5.0,13.25
2026-07-25 14:23:13,85,61,19.0,83.7,"98,5",3.346,3.351,3.35,3.346,73.0,75.0,75.0,73.0,5.0,13.39
2026-07-25 14:43:41,85,61,19.0,83.7,"98,5",3.33,3.335,3.333,3.329,65.0,67.0,66.0,64.0,6.0,13.33
2026-07-25 15:04:09,85,61,19.0,83.7,"98,5",3.332,3.337,3.336,3.332,66.0,68.0,68.0,66.0,5.0,13.34
2026-07-25 15:24:37,85,61,19.0,83.7,"98,5",3.34,3.345,3.344,3.34,70.0,73.0,72.0,70.0,5.0,13.37
2026-07-25 15:45:04,85,61,19.0,83.7,"98,5",3.337,3.342,3.341,3.335,68.0,71.0,70.0,67.0,7.0,13.36
2026-07-25 16:05:32,85,61,19.0,83.7,"98,5",3.337,3.341,3.341,3.335,68.0,70.0,70.0,67.0,6.0,13.35
2026-07-25 16:26:00,85,61,19.0,83.7,"98,5",3.317,3.321,3.321,3.316,58.0,60.0,60.0,58.0,5.0,13.27
2026-07-25 16:46:29,85,61,19.0,83.7,"98,5",3.326,3.331,3.33,3.326,63.0,65.0,65.0,63.0,5.0,13.31
2026-07-25 17:06:56,84,61,19.0,82.7,"98,5",3.308,3.313,3.312,3.307,54.0,56.0,56.0,53.0,6.0,13.24
2026-07-25 17:27:25,84,61,19.0,82.7,"98,5",3.32,3.324,3.324,3.319,60.0,62.0,62.0,59.0,5.0,13.29
2026-07-25 17:47:52,84,61,19.0,82.7,"98,5",3.326,3.331,3.33,3.326,63.0,65.0,65.0,63.0,5.0,13.31
2026-07-25 18:08:20,84,61,19.0,82.7,"98,5",3.325,3.33,3.329,3.324,62.0,65.0,64.0,62.0,6.0,13.31
2026-07-25 18:28:48,84,61,19.0,82.7,"98,5",3.327,3.331,3.331,3.326,63.0,65.0,65.0,63.0,5.0,13.31
2026-07-25 18:49:15,83,61,19.0,81.8,"98,5",3.315,3.32,3.32,3.315,57.0,60.0,60.0,57.0,5.0,13.27
2026-07-25 19:09:43,83,61,19.0,81.8,"98,5",3.322,3.327,3.326,3.321,61.0,63.0,63.0,60.0,6.0,13.3
2026-07-25 19:30:11,83,61,19.0,81.8,"98,5",3.303,3.308,3.307,3.303,51.0,54.0,53.0,51.0,5.0,13.22
2026-07-25 19:50:38,83,61,19.0,81.8,"98,5",3.32,3.324,3.323,3.319,60.0,62.0,61.0,59.0,5.0,13.29
2026-07-25 20:11:06,82,61,19.0,80.8,"98,5",3.321,3.326,3.325,3.321,60.0,63.0,62.0,60.0,5.0,13.29
2026-07-25 20:31:33,82,61,19.0,80.8,"98,5",3.315,3.319,3.319,3.314,57.0,59.0,59.0,57.0,5.0,13.27
2026-07-25 20:52:00,82,61,19.0,80.8,"98,5",3.318,3.322,3.322,3.318,59.0,61.0,61.0,59.0,4.0,13.28
2026-07-25 21:12:29,81,61,19.0,79.8,"98,5",3.302,3.306,3.306,3.301,51.0,53.0,53.0,50.0,5.0,13.22
2026-07-25 21:32:56,81,61,19.0,79.8,"98,5",3.318,3.322,3.321,3.317,59.0,61.0,60.0,58.0,5.0,13.28
2026-07-25 21:53:24,81,61,19.0,79.8,"98,5",3.319,3.323,3.323,3.318,59.0,61.0,61.0,59.0,5.0,13.28
2026-07-25 22:13:51,80,61,18.0,78.8,"98,5",3.314,3.319,3.318,3.314,57.0,59.0,59.0,57.0,5.0,13.27
2026-07-25 22:34:20,80,61,18.0,78.8,"98,5",3.318,3.322,3.322,3.318,59.0,61.0,61.0,59.0,4.0,13.28
2026-07-25 22:54:47,79,61,18.0,77.8,"98,5",3.303,3.308,3.307,3.302,51.0,54.0,53.0,51.0,6.0,13.22
2026-07-25 23:15:15,79,61,18.0,77.8,"98,5",3.317,3.321,3.321,3.316,58.0,60.0,60.0,58.0,5.0,13.27
2026-07-25 23:35:42,79,61,18.0,77.8,"98,5",3.319,3.323,3.323,3.318,59.0,61.0,61.0,59.0,5.0,13.28
2026-07-26 00:03:43,78,61,18.0,76.8,"98,5",3.315,3.319,3.318,3.314,57.0,59.0,59.0,57.0,5.0,13.27
2026-07-26 00:24:51,78,61,18.0,76.8,"98,5",3.318,3.323,3.322,3.318,59.0,61.0,61.0,59.0,5.0,13.28
2026-07-26 00:45:19,78,61,17.0,76.8,"98,5",3.305,3.309,3.309,3.304,52.0,54.0,54.0,52.0,5.0,13.23
2026-07-26 01:05:48,77,61,17.0,75.8,"98,5",3.316,3.321,3.32,3.315,58.0,60.0,60.0,57.0,6.0,13.27
2026-07-26 01:26:16,77,61,17.0,75.8,"98,5",3.319,3.323,3.323,3.318,59.0,61.0,61.0,59.0,5.0,13.28
2026-07-26 01:47:22,77,61,17.0,75.8,"98,5",3.302,3.306,3.305,3.3,51.0,53.0,52.0,50.0,6.0,13.21
2026-07-26 02:07:49,76,61,17.0,74.9,"98,5",3.316,3.321,3.32,3.315,58.0,60.0,60.0,57.0,6.0,13.27
2026-07-26 02:28:17,76,61,17.0,74.9,"98,5",3.318,3.322,3.322,3.318,59.0,61.0,61.0,59.0,4.0,13.28
2026-07-26 02:49:24,76,61,17.0,74.9,"98,5",3.299,3.303,3.303,3.297,49.0,51.0,51.0,48.0,6.0,13.2
2026-07-26 03:09:52,75,61,16.0,73.9,"98,5",3.317,3.321,3.32,3.315,58.0,60.0,60.0,57.0,6.0,13.27
2026-07-26 03:30:20,75,61,16.0,73.9,"98,5",3.318,3.322,3.322,3.317,59.0,61.0,61.0,58.0,5.0,13.28
2026-07-26 03:50:49,75,61,16.0,73.9,"98,5",3.3,3.304,3.303,3.298,50.0,52.0,51.0,49.0,6.0,13.21
2026-07-26 04:11:16,75,61,16.0,73.9,"98,5",3.315,3.319,3.319,3.314,57.0,59.0,59.0,57.0,5.0,13.27
2026-07-26 04:31:43,74,61,16.0,72.9,"98,5",3.318,3.322,3.321,3.317,59.0,61.0,60.0,58.0,5.0,13.28
2026-07-26 04:52:11,74,61,15.0,72.9,"98,5",3.319,3.323,3.322,3.318,59.0,61.0,61.0,59.0,5.0,13.28
2026-07-26 05:12:38,74,61,15.0,72.9,"98,5",3.312,3.317,3.316,3.312,56.0,58.0,58.0,56.0,5.0,13.26
2026-07-26 05:33:06,73,61,15.0,71.9,"98,5",3.317,3.321,3.321,3.316,58.0,60.0,60.0,58.0,5.0,13.27
2026-07-26 05:57:22,73,61,15.0,71.9,"98,5",3.319,3.323,3.323,3.318,59.0,61.0,61.0,59.0,5.0,13.28
2026-07-26 06:21:45,73,61,15.0,71.9,"98,5",3.312,3.317,3.316,3.311,56.0,58.0,58.0,55.0,6.0,13.26
2026-07-26 06:42:54,73,61,15.0,71.9,"98,5",3.318,3.322,3.322,3.317,59.0,61.0,61.0,58.0,5.0,13.28
2026-07-26 07:07:08,73,61,15.0,71.9,"98,5",3.322,3.326,3.325,3.321,61.0,63.0,62.0,60.0,5.0,13.29
2026-07-26 07:28:18,72,61,15.0,70.9,"98,5",3.317,3.321,3.32,3.316,58.0,60.0,60.0,58.0,5.0,13.27
2026-07-26 07:48:47,72,61,15.0,70.9,"98,5",3.335,3.34,3.339,3.335,67.0,70.0,69.0,67.0,5.0,13.35
2026-07-26 08:09:14,73,61,15.0,71.9,"98,5",3.353,3.358,3.357,3.352,77.0,79.0,79.0,76.0,6.0,13.42
2026-07-26 08:30:21,73,61,15.0,71.9,"98,5",3.316,3.32,3.319,3.315,58.0,60.0,59.0,57.0,5.0,13.27
2026-07-26 08:50:48,73,61,15.0,71.9,"98,5",3.335,3.339,3.338,3.334,67.0,69.0,69.0,67.0,5.0,13.35
2026-07-26 09:11:16,73,61,15.0,71.9,"98,5",3.349,3.353,3.352,3.347,75.0,77.0,76.0,73.0,6.0,13.4
2026-07-26 09:31:44,74,61,15.0,72.9,"98,5",3.358,3.364,3.361,3.357,79.0,82.0,81.0,79.0,7.0,13.44
2026-07-26 09:52:12,75,61,15.0,73.9,"98,5",3.367,3.37,3.371,3.366,83.0,85.0,85.0,83.0,5.0,13.47
2026-07-26 10:12:39,76,61,15.0,74.9,"98,5",3.354,3.359,3.357,3.352,77.0,79.0,79.0,76.0,7.0,13.42
2026-07-26 10:33:07,77,61,15.0,75.8,"98,5",3.368,3.372,3.372,3.369,84.0,86.0,86.0,85.0,4.0,13.48
2026-07-26 10:53:35,78,61,16.0,76.8,"98,5",3.349,3.354,3.352,3.347,75.0,77.0,76.0,73.0,7.0,13.4
2026-07-26 11:14:03,78,61,16.0,76.8,"98,5",3.352,3.357,3.355,3.351,76.0,79.0,77.0,75.0,6.0,13.41
2026-07-26 11:34:32,78,61,16.0,76.8,"98,5",3.357,3.362,3.36,3.356,79.0,81.0,80.0,78.0,6.0,13.44
2026-07-26 11:55:00,84,61,18.0,82.7,"98,5",3.359,3.364,3.363,3.358,79.0,82.0,81.0,79.0,6.0,13.44
2026-07-26 12:19:15,84,61,18.0,82.7,"98,5",3.347,3.352,3.352,3.346,73.0,76.0,76.0,73.0,6.0,13.4
2026-07-26 12:40:24,86,61,19.0,84.7,"98,5",3.358,3.364,3.361,3.357,79.0,82.0,81.0,79.0,7.0,13.44
2026-07-26 13:00:53,88,61,20.0,86.7,"98,5",3.45,3.458,3.456,3.452,125.0,129.0,128.0,126.0,8.0,13.82
2026-07-26 13:21:21,93,61,21.0,91.6,"98,5",3.338,3.342,3.342,3.336,69.0,71.0,71.0,68.0,6.0,13.36
2026-07-26 13:41:49,94,61,21.0,92.6,"98,5",3.347,3.352,3.352,3.346,73.0,76.0,76.0,73.0,6.0,13.4
2026-07-26 14:02:16,94,61,22.0,92.6,"98,5",3.34,3.345,3.344,3.34,70.0,73.0,72.0,70.0,5.0,13.37
2026-07-26 14:22:44,94,61,22.0,92.6,"98,5",3.335,3.34,3.34,3.335,67.0,70.0,70.0,67.0,5.0,13.35
2026-07-26 14:43:12,95,61,22.0,93.6,"98,5",3.369,3.373,3.374,3.369,85.0,87.0,87.0,85.0,5.0,13.49
2026-07-26 15:03:40,99,61,24.0,97.5,"98,5",3.576,3.605,3.603,3.587,188.0,202.0,202.0,194.0,29.0,14.37
2026-07-26 15:24:08,99,61,24.0,97.5,"98,5",3.538,3.554,3.554,3.544,169.0,177.0,177.0,172.0,16.0,14.19
2026-07-26 15:44:36,99,61,24.0,97.5,"98,5",3.518,3.536,3.536,3.527,159.0,168.0,168.0,163.0,18.0,14.12
2026-07-26 16:05:04,99,61,24.0,97.5,"98,5",3.537,3.555,3.554,3.544,168.0,178.0,177.0,172.0,18.0,14.19
2026-07-26 16:29:19,99,61,24.0,97.5,"98,5",3.417,3.426,3.427,3.42,108.0,113.0,113.0,110.0,10.0,13.69
2026-07-26 16:50:28,99,61,24.0,97.5,"98,5",3.468,3.478,3.476,3.469,134.0,139.0,138.0,134.0,10.0,13.89
2026-07-26 17:10:55,99,61,23.0,97.5,"98,5",3.424,3.434,3.433,3.427,112.0,117.0,116.0,113.0,10.0,13.72
2026-07-26 17:31:22,99,61,23.0,97.5,"98,5",3.373,3.378,3.376,3.372,87.0,89.0,88.0,86.0,6.0,13.5
2026-07-26 17:51:49,99,61,23.0,97.5,"98,5",3.362,3.364,3.368,3.363,81.0,82.0,84.0,81.0,6.0,13.46
2026-07-26 18:12:16,99,61,23.0,97.5,"98,5",3.359,3.364,3.366,3.36,79.0,82.0,83.0,80.0,7.0,13.45
2026-07-26 18:32:44,99,61,23.0,97.5,"98,5",3.365,3.37,3.372,3.367,83.0,85.0,86.0,83.0,7.0,13.47
2026-07-26 18:56:58,99,61,23.0,97.5,"98,5",3.342,3.348,3.348,3.343,71.0,74.0,74.0,71.0,6.0,13.38
2026-07-26 19:17:32,99,61,23.0,97.5,"98,5",3.37,3.375,3.375,3.369,85.0,87.0,87.0,85.0,6.0,13.49
2026-07-26 19:38:00,99,61,23.0,97.5,"98,5",3.321,3.326,3.326,3.321,60.0,63.0,63.0,60.0,5.0,13.29
2026-07-26 19:58:29,98,61,23.0,96.5,"98,5",3.317,3.322,3.321,3.317,58.0,61.0,60.0,58.0,5.0,13.28
2026-07-26 20:18:56,97,61,23.0,95.5,"98,5",3.312,3.317,3.315,3.311,56.0,58.0,57.0,55.0,6.0,13.25
2026-07-26 20:39:24,97,61,22.0,95.5,"98,5",3.324,3.328,3.328,3.323,62.0,64.0,64.0,61.0,5.0,13.3
2026-07-26 20:59:52,96,61,22.0,94.6,"98,5",3.308,3.313,3.312,3.308,54.0,56.0,56.0,54.0,5.0,13.24
2026-07-26 21:20:21,96,61,22.0,94.6,"98,5",3.322,3.326,3.326,3.321,61.0,63.0,63.0,60.0,5.0,13.29
2026-07-26 21:40:49,95,61,22.0,93.6,"98,5",3.318,3.323,3.323,3.318,59.0,61.0,61.0,59.0,5.0,13.28
2026-07-26 22:01:16,95,61,22.0,93.6,"98,5",3.323,3.327,3.327,3.322,61.0,63.0,63.0,61.0,5.0,13.3
2026-07-26 22:21:44,94,61,22.0,92.6,"98,5",3.321,3.326,3.325,3.32,60.0,63.0,62.0,60.0,6.0,13.29
2026-07-26 22:42:12,94,61,22.0,92.6,"98,5",3.317,3.321,3.321,3.316,58.0,60.0,60.0,58.0,5.0,13.27
2026-07-26 23:02:40,93,61,21.0,91.6,"98,5",3.321,3.326,3.325,3.32,60.0,63.0,62.0,60.0,6.0,13.29
2026-07-26 23:23:08,93,61,21.0,91.6,"98,5",3.315,3.319,3.319,3.314,57.0,59.0,59.0,57.0,5.0,13.27
2026-07-26 23:43:36,92,61,21.0,90.6,"98,5",3.321,3.326,3.325,3.32,60.0,63.0,62.0,60.0,6.0,13.29
2026-07-27 00:04:04,92,61,21.0,90.6,"98,5",3.315,3.32,3.319,3.314,57.0,60.0,59.0,57.0,6.0,13.27
2026-07-27 00:24:31,92,61,21.0,90.6,"98,5",3.321,3.326,3.326,3.321,60.0,63.0,63.0,60.0,5.0,13.29
2026-07-27 00:44:59,91,61,21.0,89.6,"98,5",3.323,3.328,3.327,3.323,61.0,64.0,63.0,61.0,5.0,13.3
2026-07-27 01:05:27,91,61,20.0,89.6,"98,5",3.32,3.325,3.324,3.32,60.0,62.0,62.0,60.0,5.0,13.29
2026-07-27 01:25:55,90,61,20.0,88.7,"98,5",3.323,3.327,3.327,3.322,61.0,63.0,63.0,61.0,5.0,13.3
2026-07-27 01:46:22,90,61,20.0,88.7,"98,5",3.318,3.322,3.322,3.317,59.0,61.0,61.0,58.0,5.0,13.28
2026-07-27 02:06:50,90,61,20.0,88.7,"98,5",3.322,3.327,3.326,3.321,61.0,63.0,63.0,60.0,6.0,13.3
2026-07-27 02:27:17,89,61,20.0,87.7,"98,5",3.308,3.312,3.312,3.308,54.0,56.0,56.0,54.0,4.0,13.24
2026-07-27 02:47:48,89,61,19.0,87.7,"98,5",3.321,3.326,3.325,3.321,60.0,63.0,62.0,60.0,5.0,13.29
2026-07-27 03:08:16,88,61,19.0,86.7,"98,5",3.322,3.326,3.326,3.321,61.0,63.0,63.0,60.0,5.0,13.29
2026-07-27 03:28:44,88,61,19.0,86.7,"98,5",3.319,3.324,3.323,3.318,59.0,62.0,61.0,59.0,6.0,13.28
2026-07-27 03:49:12,88,61,18.0,86.7,"98,5",3.321,3.326,3.325,3.321,60.0,63.0,62.0,60.0,5.0,13.29
2026-07-27 04:09:40,87,61,18.0,85.7,"98,5",3.309,3.314,3.313,3.308,54.0,57.0,56.0,54.0,6.0,13.24
2026-07-27 04:30:08,87,61,18.0,85.7,"98,5",3.32,3.325,3.324,3.319,60.0,62.0,62.0,59.0,6.0,13.29
2026-07-27 04:50:36,86,61,17.0,84.7,"98,5",3.322,3.326,3.325,3.321,61.0,63.0,62.0,60.0,5.0,13.29
2026-07-27 05:11:06,86,61,17.0,84.7,"98,5",3.318,3.322,3.322,3.317,59.0,61.0,61.0,58.0,5.0,13.28
2026-07-27 05:31:34,86,61,17.0,84.7,"98,5",3.319,3.323,3.322,3.318,59.0,61.0,61.0,59.0,5.0,13.28
2026-07-27 05:52:02,85,61,16.0,83.7,"98,5",3.306,3.31,3.309,3.305,53.0,55.0,54.0,52.0,5.0,13.23
2026-07-27 06:12:30,85,61,16.0,83.7,"98,5",3.319,3.324,3.323,3.318,59.0,62.0,61.0,59.0,6.0,13.28
2026-07-27 06:32:57,84,61,16.0,82.7,"98,5",3.32,3.323,3.323,3.318,60.0,61.0,61.0,59.0,5.0,13.28
2026-07-27 06:53:25,84,61,16.0,82.7,"98,5",3.312,3.316,3.315,3.311,56.0,58.0,57.0,55.0,5.0,13.25
2026-07-27 07:13:53,84,61,15.0,82.7,"98,5",3.334,3.339,3.338,3.334,67.0,69.0,69.0,67.0,5.0,13.34
2026-07-27 07:34:21,85,61,15.0,83.7,"98,5",3.342,3.347,3.346,3.341,71.0,73.0,73.0,70.0,6.0,13.38
2026-07-27 07:54:50,85,61,15.0,83.7,"98,5",3.332,3.336,3.335,3.331,66.0,68.0,67.0,65.0,5.0,13.33
2026-07-27 08:15:18,85,61,15.0,83.7,"98,5",3.354,3.359,3.357,3.353,77.0,79.0,79.0,77.0,6.0,13.42
2026-07-27 08:39:33,86,61,15.0,84.7,"98,5",3.34,3.344,3.342,3.338,70.0,72.0,71.0,69.0,6.0,13.36
2026-07-27 09:00:42,87,61,15.0,85.7,"98,5",3.363,3.364,3.367,3.363,81.0,82.0,83.0,81.0,4.0,13.46
2026-07-27 09:21:09,88,61,15.0,86.7,"98,5",3.347,3.352,3.351,3.346,73.0,76.0,75.0,73.0,6.0,13.4
2026-07-27 09:45:24,89,61,16.0,87.7,"98,5",3.366,3.369,3.37,3.366,83.0,85.0,85.0,83.0,4.0,13.47
2026-07-27 10:06:33,89,61,16.0,87.7,"98,5",3.37,3.374,3.375,3.369,85.0,87.0,87.0,85.0,6.0,13.49
2026-07-27 10:27:01,90,61,16.0,88.7,"98,5",3.353,3.358,3.357,3.352,77.0,79.0,79.0,76.0,6.0,13.42
2026-07-27 10:47:29,96,61,18.0,94.6,"98,5",3.359,3.364,3.363,3.359,79.0,82.0,81.0,79.0,5.0,13.45
2026-07-27 11:07:57,97,61,18.0,95.5,"98,5",3.349,3.353,3.352,3.347,75.0,77.0,76.0,73.0,6.0,13.4
2026-07-27 11:28:24,99,61,19.0,97.5,"98,5",3.575,3.608,3.605,3.588,188.0,204.0,202.0,194.0,33.0,14.38
2026-07-27 11:49:33,99,61,20.0,97.5,"98,5",3.576,3.608,3.605,3.591,188.0,204.0,202.0,196.0,32.0,14.38
2026-07-27 12:10:01,99,61,20.0,97.5,"98,5",3.577,3.606,3.604,3.591,188.0,203.0,202.0,196.0,29.0,14.38
2026-07-27 12:34:15,99,61,20.0,97.5,"98,5",3.579,3.605,3.603,3.592,190.0,202.0,202.0,196.0,26.0,14.38
2026-07-27 12:55:24,99,61,21.0,97.5,"98,5",3.579,3.605,3.603,3.592,190.0,202.0,202.0,196.0,26.0,14.38
2026-07-27 13:19:39,99,61,21.0,97.5,"98,5",3.579,3.604,3.602,3.591,190.0,202.0,201.0,196.0,25.0,14.38
2026-07-27 13:40:47,99,61,22.0,97.5,"98,5",3.367,3.372,3.374,3.369,83.0,86.0,87.0,85.0,7.0,13.48
2026-07-27 14:01:16,99,61,22.0,97.5,"98,5",3.57,3.611,3.608,3.591,185.0,206.0,204.0,196.0,41.0,14.38
2026-07-27 14:21:43,99,61,22.0,97.5,"98,5",3.576,3.608,3.605,3.592,188.0,204.0,202.0,196.0,32.0,14.38
2026-07-27 14:42:10,99,61,22.0,97.5,"98,5",3.577,3.606,3.604,3.592,188.0,203.0,202.0,196.0,29.0,14.38
2026-07-27 15:02:38,99,61,22.0,97.5,"98,5",3.579,3.605,3.603,3.592,190.0,202.0,202.0,196.0,26.0,14.38
2026-07-27 15:23:05,99,61,23.0,97.5,"98,5",3.579,3.605,3.603,3.592,190.0,202.0,202.0,196.0,26.0,14.38
2026-07-27 15:43:33,99,61,23.0,97.5,"98,5",3.579,3.604,3.602,3.592,190.0,202.0,201.0,196.0,25.0,14.38
2026-07-27 16:04:00,99,61,23.0,97.5,"98,5",3.486,3.498,3.498,3.491,143.0,149.0,149.0,145.0,12.0,13.97
2026-07-27 16:24:28,99,61,23.0,97.5,"98,5",3.465,3.474,3.473,3.465,132.0,137.0,136.0,132.0,9.0,13.88
2026-07-27 16:44:54,99,61,23.0,97.5,"98,5",3.352,3.359,3.358,3.353,76.0,79.0,79.0,77.0,7.0,13.42
2026-07-27 17:05:21,99,61,23.0,97.5,"98,5",3.38,3.388,3.388,3.383,90.0,94.0,94.0,91.0,8.0,13.54
2026-07-27 17:25:51,99,61,23.0,97.5,"98,5",3.357,3.364,3.364,3.359,79.0,82.0,82.0,79.0,7.0,13.44
2026-07-27 17:46:19,99,61,23.0,97.5,"98,5",3.347,3.354,3.353,3.348,73.0,77.0,77.0,74.0,7.0,13.4
2026-07-27 18:06:47,99,61,23.0,97.5,"98,5",3.34,3.345,3.345,3.34,70.0,73.0,73.0,70.0,5.0,13.37
2026-07-27 18:27:15,99,61,23.0,97.5,"98,5",3.334,3.339,3.339,3.334,67.0,69.0,69.0,67.0,5.0,13.35
2026-07-27 18:47:41,98,61,23.0,96.5,"98,5",3.312,3.316,3.316,3.311,56.0,58.0,58.0,55.0,5.0,13.25
2026-07-27 19:08:09,98,61,23.0,96.5,"98,5",3.324,3.329,3.329,3.324,62.0,64.0,64.0,62.0,5.0,13.31
2026-07-27 19:28:38,97,61,22.0,95.5,"98,5",3.317,3.322,3.321,3.317,58.0,61.0,60.0,58.0,5.0,13.28
2026-07-27 19:49:05,97,61,22.0,95.5,"98,5",3.313,3.318,3.317,3.312,56.0,59.0,58.0,56.0,6.0,13.26
2026-07-27 20:13:19,96,61,22.0,94.6,"98,5",3.32,3.325,3.325,3.32,60.0,62.0,62.0,60.0,5.0,13.29
2026-07-27 20:34:27,95,61,22.0,93.6,"98,5",3.311,3.315,3.315,3.309,55.0,57.0,57.0,54.0,6.0,13.25
2026-07-27 20:54:55,94,61,22.0,92.6,"98,5",3.321,3.325,3.325,3.32,60.0,62.0,62.0,60.0,5.0,13.29
2026-07-27 21:19:10,93,61,22.0,91.6,"98,5",3.316,3.321,3.32,3.315,58.0,60.0,60.0,57.0,6.0,13.27
2026-07-27 21:40:18,93,61,21.0,91.6,"98,5",3.32,3.325,3.324,3.32,60.0,62.0,62.0,60.0,5.0,13.29
2026-07-27 22:00:46,92,61,21.0,90.6,"98,5",3.32,3.324,3.324,3.319,60.0,62.0,62.0,59.0,5.0,13.29
2026-07-27 22:21:14,92,61,21.0,90.6,"98,5",3.314,3.319,3.318,3.314,57.0,59.0,59.0,57.0,5.0,13.27
2026-07-27 22:41:41,91,61,21.0,89.6,"98,5",3.321,3.326,3.325,3.32,60.0,63.0,62.0,60.0,6.0,13.29
2026-07-27 23:02:08,91,61,21.0,89.6,"98,5",3.312,3.317,3.315,3.311,56.0,58.0,57.0,55.0,6.0,13.25
2026-07-27 23:22:35,90,61,20.0,88.7,"98,5",3.321,3.326,3.325,3.32,60.0,63.0,62.0,60.0,6.0,13.29
2026-07-27 23:43:02,90,61,20.0,88.7,"98,5",3.311,3.316,3.315,3.31,55.0,58.0,57.0,55.0,6.0,13.25
2026-07-28 00:03:31,89,61,20.0,87.7,"98,5",3.321,3.325,3.325,3.32,60.0,62.0,62.0,60.0,5.0,13.29
2026-07-28 00:23:58,89,61,20.0,87.7,"98,5",3.313,3.317,3.316,3.312,56.0,58.0,58.0,56.0,5.0,13.26
2026-07-28 00:44:25,88,61,19.0,86.7,"98,5",3.32,3.324,3.324,3.319,60.0,62.0,62.0,59.0,5.0,13.29
2026-07-28 01:04:53,88,61,19.0,86.7,"98,5",3.315,3.32,3.32,3.314,57.0,60.0,60.0,57.0,6.0,13.27
2026-07-28 01:25:20,87,61,19.0,85.7,"98,5",3.32,3.324,3.323,3.319,60.0,62.0,61.0,59.0,5.0,13.29
2026-07-28 01:45:48,87,61,19.0,85.7,"98,5",3.322,3.326,3.326,3.321,61.0,63.0,63.0,60.0,5.0,13.29
2026-07-28 02:06:16,86,61,18.0,84.7,"98,5",3.318,3.322,3.321,3.317,59.0,61.0,60.0,58.0,5.0,13.28
2026-07-28 02:26:44,86,61,18.0,84.7,"98,5",3.321,3.326,3.325,3.321,60.0,63.0,62.0,60.0,5.0,13.29
2026-07-28 02:47:11,85,61,18.0,83.7,"98,5",3.316,3.321,3.32,3.315,58.0,60.0,60.0,57.0,6.0,13.27
2026-07-28 03:07:39,85,61,18.0,83.7,"98,5",3.321,3.326,3.324,3.32,60.0,63.0,62.0,60.0,6.0,13.29
2026-07-28 03:28:07,85,61,18.0,83.7,"98,5",3.305,3.309,3.308,3.303,52.0,54.0,54.0,51.0,6.0,13.23
2026-07-28 03:48:35,84,61,18.0,82.7,"98,5",3.32,3.324,3.323,3.319,60.0,62.0,61.0,59.0,5.0,13.29
2026-07-28 04:09:02,84,61,17.0,82.7,"98,5",3.311,3.315,3.314,3.31,55.0,57.0,57.0,55.0,5.0,13.25
2026-07-28 04:29:29,83,61,17.0,81.8,"98,5",3.315,3.32,3.319,3.315,57.0,60.0,59.0,57.0,5.0,13.27
2026-07-28 04:49:57,83,61,17.0,81.8,"98,5",3.32,3.324,3.323,3.319,60.0,62.0,61.0,59.0,5.0,13.29
2026-07-28 05:10:24,82,61,17.0,80.8,"98,5",3.314,3.317,3.317,3.313,57.0,58.0,58.0,56.0,4.0,13.26
2026-07-28 05:30:53,82,61,17.0,80.8,"98,5",3.32,3.324,3.323,3.318,60.0,62.0,61.0,59.0,6.0,13.29
2026-07-28 05:51:21,82,61,17.0,80.8,"98,5",3.304,3.308,3.307,3.303,52.0,54.0,53.0,51.0,5.0,13.22
2026-07-28 06:11:49,81,61,17.0,79.8,"98,5",3.318,3.322,3.322,3.318,59.0,61.0,61.0,59.0,4.0,13.28
2026-07-28 06:32:16,81,61,16.0,79.8,"98,5",3.321,3.325,3.325,3.32,60.0,62.0,62.0,60.0,5.0,13.29
2026-07-28 06:52:44,80,61,16.0,78.8,"98,5",3.315,3.32,3.319,3.315,57.0,60.0,59.0,57.0,5.0,13.27
2026-07-28 07:13:13,80,61,16.0,78.8,"98,5",3.32,3.325,3.324,3.319,60.0,62.0,62.0,59.0,6.0,13.29
2026-07-28 07:33:41,80,61,16.0,78.8,"98,5",3.302,3.306,3.305,3.3,51.0,53.0,52.0,50.0,6.0,13.21
2026-07-28 07:54:09,79,61,16.0,77.8,"98,5",3.321,3.325,3.324,3.32,60.0,62.0,62.0,60.0,5.0,13.29
2026-07-28 08:14:37,79,61,16.0,77.8,"98,5",3.309,3.313,3.312,3.308,54.0,56.0,56.0,54.0,5.0,13.24
2026-07-28 08:35:04,79,61,16.0,77.8,"98,5",3.32,3.325,3.324,3.32,60.0,62.0,62.0,60.0,5.0,13.29
2026-07-28 08:55:31,78,61,16.0,76.8,"98,5",3.303,3.308,3.307,3.303,51.0,54.0,53.0,51.0,5.0,13.22
2026-07-28 09:15:58,78,61,16.0,76.8,"98,5",3.315,3.32,3.319,3.314,57.0,60.0,59.0,57.0,6.0,13.27
2026-07-28 09:36:26,83,61,18.0,81.8,"98,5",3.359,3.364,3.363,3.358,79.0,82.0,81.0,79.0,6.0,13.44
2026-07-28 09:56:54,84,61,18.0,82.7,"98,5",3.351,3.357,3.355,3.351,75.0,79.0,77.0,75.0,6.0,13.41
2026-07-28 10:17:21,87,61,19.0,85.7,"98,5",3.35,3.355,3.355,3.35,75.0,77.0,77.0,75.0,5.0,13.41
2026-07-28 10:37:49,87,61,19.0,85.7,"98,5",3.344,3.349,3.349,3.344,72.0,75.0,75.0,72.0,5.0,13.39
2026-07-28 10:58:16,88,61,20.0,86.7,"98,5",3.353,3.359,3.358,3.353,77.0,79.0,79.0,77.0,6.0,13.42
2026-07-28 11:22:30,89,61,20.0,87.7,"98,5",3.437,3.444,3.443,3.438,118.0,122.0,121.0,119.0,7.0,13.76
2026-07-28 11:43:40,95,61,21.0,93.6,"98,5",3.355,3.361,3.36,3.355,77.0,81.0,80.0,77.0,6.0,13.43
2026-07-28 12:04:08,96,61,22.0,94.6,"98,5",3.35,3.355,3.354,3.349,75.0,77.0,77.0,75.0,6.0,13.41
2026-07-28 12:24:36,99,61,23.0,97.5,"98,5",3.574,3.607,3.605,3.588,187.0,204.0,202.0,194.0,33.0,14.37
2026-07-28 12:45:05,99,61,23.0,97.5,"98,5",3.576,3.606,3.604,3.591,188.0,203.0,202.0,196.0,30.0,14.38
2026-07-28 13:05:33,99,61,23.0,97.5,"98,5",3.578,3.605,3.603,3.591,189.0,202.0,202.0,196.0,27.0,14.38
2026-07-28 16:47:52,99,61,23.0,97.5,"98,5",3.578,3.606,3.603,3.592,189.0,203.0,202.0,196.0,28.0,14.38
2026-07-28 17:09:15,99,61,23.0,97.5,"98,5",3.579,3.605,3.603,3.593,190.0,202.0,202.0,196.0,26.0,14.38
2026-07-28 17:29:47,99,61,23.0,97.5,"98,5",3.542,3.56,3.559,3.551,171.0,180.0,180.0,176.0,18.0,14.21
2026-07-28 17:50:13,99,61,23.0,97.5,"98,5",3.364,3.369,3.371,3.366,82.0,85.0,85.0,83.0,7.0,13.47
2026-07-28 18:10:42,99,61,23.0,97.5,"98,5",3.341,3.347,3.347,3.342,70.0,73.0,73.0,71.0,6.0,13.38
2026-07-28 18:31:10,98,62,23.0,96.5,"98,5",3.326,3.331,3.331,3.326,63.0,65.0,65.0,63.0,5.0,13.31
2026-07-28 18:51:38,98,62,23.0,96.5,"98,5",3.312,3.317,3.317,3.312,56.0,58.0,58.0,56.0,5.0,13.26
2026-07-28 19:12:05,98,62,23.0,96.5,"98,5",3.324,3.329,3.329,3.324,62.0,64.0,64.0,62.0,5.0,13.31
2026-07-28 19:32:33,98,62,22.0,96.5,"98,5",3.311,3.315,3.315,3.309,55.0,57.0,57.0,54.0,6.0,13.25
2026-07-28 19:53:01,97,62,22.0,95.5,"98,5",3.319,3.323,3.323,3.318,59.0,61.0,61.0,59.0,5.0,13.28
2026-07-28 20:13:29,97,62,22.0,95.5,"98,5",3.319,3.324,3.323,3.318,59.0,62.0,61.0,59.0,6.0,13.28
2026-07-28 20:33:57,96,62,22.0,94.6,"98,5",3.323,3.327,3.327,3.322,61.0,63.0,63.0,61.0,5.0,13.3
2026-07-28 20:54:25,96,62,22.0,94.6,"98,5",3.321,3.326,3.325,3.32,60.0,63.0,62.0,60.0,6.0,13.29
2026-07-28 21:14:53,96,62,22.0,94.6,"98,5",3.323,3.328,3.328,3.322,61.0,64.0,64.0,61.0,6.0,13.3
2026-07-28 21:35:20,95,62,22.0,93.6,"98,5",3.321,3.326,3.326,3.321,60.0,63.0,63.0,60.0,5.0,13.29
2026-07-28 21:55:48,95,62,22.0,93.6,"98,5",3.312,3.317,3.317,3.311,56.0,58.0,58.0,55.0,6.0,13.26
2026-07-28 22:16:16,94,62,22.0,92.6,"98,5",3.321,3.326,3.326,3.321,60.0,63.0,63.0,60.0,5.0,13.29
2026-07-28 22:36:44,94,62,22.0,92.6,"98,5",3.311,3.315,3.315,3.31,55.0,57.0,57.0,55.0,5.0,13.25
2026-07-28 22:57:12,93,62,22.0,91.6,"98,5",3.323,3.327,3.327,3.321,61.0,63.0,63.0,60.0,6.0,13.3
2026-07-28 23:21:25,92,62,21.0,90.6,"98,5",3.317,3.322,3.321,3.317,58.0,61.0,60.0,58.0,5.0,13.28
2026-07-28 23:42:35,92,62,21.0,90.6,"98,5",3.323,3.327,3.327,3.322,61.0,63.0,63.0,61.0,5.0,13.3
2026-07-29 00:03:04,92,62,21.0,90.6,"98,5",3.315,3.32,3.32,3.315,57.0,60.0,60.0,57.0,5.0,13.27
2026-07-29 00:23:30,91,62,21.0,89.6,"98,5",3.323,3.327,3.327,3.322,61.0,63.0,63.0,61.0,5.0,13.3
2026-07-29 00:43:58,91,62,21.0,89.6,"98,5",3.309,3.314,3.313,3.308,54.0,57.0,56.0,54.0,6.0,13.24
2026-07-29 01:04:26,91,62,21.0,89.6,"98,5",3.321,3.326,3.325,3.32,60.0,63.0,62.0,60.0,6.0,13.29
2026-07-29 01:24:53,90,62,21.0,88.7,"98,5",3.309,3.314,3.313,3.308,54.0,57.0,56.0,54.0,6.0,13.24
2026-07-29 01:45:21,90,62,20.0,88.7,"98,5",3.321,3.326,3.326,3.321,60.0,63.0,63.0,60.0,5.0,13.29
2026-07-29 02:05:49,89,62,20.0,87.7,"98,5",3.312,3.317,3.316,3.311,56.0,58.0,58.0,55.0,6.0,13.26
2026-07-29 02:26:57,89,62,20.0,87.7,"98,5",3.321,3.326,3.325,3.32,60.0,63.0,62.0,60.0,6.0,13.29
2026-07-29 02:47:24,89,62,20.0,87.7,"98,5",3.322,3.327,3.326,3.321,61.0,63.0,63.0,60.0,6.0,13.3
2026-07-29 03:07:52,88,62,20.0,86.7,"98,5",3.32,3.324,3.323,3.319,60.0,62.0,61.0,59.0,5.0,13.29
2026-07-29 03:32:05,88,62,20.0,86.7,"98,5",3.322,3.326,3.326,3.321,61.0,63.0,63.0,60.0,5.0,13.29
2026-07-29 03:53:15,87,62,20.0,85.7,"98,5",3.319,3.324,3.323,3.319,59.0,62.0,61.0,59.0,5.0,13.29
2026-07-29 04:13:42,87,62,19.0,85.7,"98,5",3.32,3.324,3.324,3.319,60.0,62.0,62.0,59.0,5.0,13.29
2026-07-29 04:34:09,86,62,19.0,84.7,"98,5",3.315,3.32,3.319,3.315,57.0,60.0,59.0,57.0,5.0,13.27
2026-07-29 04:59:04,86,62,19.0,84.7,"98,5",3.321,3.326,3.324,3.32,60.0,63.0,62.0,60.0,6.0,13.29
2026-07-29 05:20:12,85,62,19.0,83.7,"98,5",3.315,3.32,3.319,3.314,57.0,60.0,59.0,57.0,6.0,13.27
2026-07-29 05:40:40,85,62,19.0,83.7,"98,5",3.32,3.325,3.324,3.32,60.0,62.0,62.0,60.0,5.0,13.29
2026-07-29 06:01:09,84,62,19.0,82.7,"98,5",3.305,3.31,3.309,3.305,52.0,55.0,54.0,52.0,5.0,13.23
2026-07-29 06:21:36,84,62,19.0,82.7,"98,5",3.319,3.323,3.323,3.318,59.0,61.0,61.0,59.0,5.0,13.28
2026-07-29 06:42:04,84,62,18.0,82.7,"98,5",3.307,3.312,3.311,3.306,53.0,56.0,55.0,53.0,6.0,13.24
2026-07-29 07:02:33,83,62,18.0,81.8,"98,5",3.321,3.326,3.325,3.321,60.0,63.0,62.0,60.0,5.0,13.29
2026-07-29 07:23:00,83,62,18.0,81.8,"98,5",3.323,3.328,3.328,3.323,61.0,64.0,64.0,61.0,5.0,13.3
2026-07-29 07:43:28,83,62,18.0,81.8,"98,5",3.32,3.325,3.324,3.32,60.0,62.0,62.0,60.0,5.0,13.29
2026-07-29 08:07:43,83,62,18.0,81.8,"98,5",3.306,3.311,3.311,3.305,53.0,55.0,55.0,52.0,6.0,13.23
2026-07-29 08:28:51,82,62,18.0,80.8,"98,5",3.323,3.327,3.327,3.322,61.0,63.0,63.0,61.0,5.0,13.3
2026-07-29 08:49:19,82,62,18.0,80.8,"98,5",3.317,3.322,3.321,3.317,58.0,61.0,60.0,58.0,5.0,13.28
2026-07-29 09:09:47,81,62,18.0,79.8,"98,5",3.304,3.309,3.308,3.303,52.0,54.0,54.0,51.0,6.0,13.22
2026-07-29 09:30:14,81,62,18.0,79.8,"98,5",3.33,3.334,3.334,3.33,65.0,67.0,67.0,65.0,4.0,13.33
2026-07-29 09:50:42,84,62,19.0,82.7,"98,5",3.358,3.364,3.362,3.357,79.0,82.0,81.0,79.0,7.0,13.44
2026-07-29 10:11:09,89,62,19.0,87.7,"98,5",3.348,3.353,3.352,3.347,74.0,77.0,76.0,73.0,6.0,13.4
2026-07-29 10:58:03,89,62,20.0,87.7,"98,5",3.339,3.343,3.342,3.337,69.0,71.0,71.0,68.0,6.0,13.36
2026-07-29 11:19:12,89,62,20.0,87.7,"98,5",3.338,3.342,3.342,3.335,69.0,71.0,71.0,67.0,7.0,13.36
2026-07-29 11:43:26,89,62,20.0,87.7,"98,5",3.337,3.342,3.341,3.335,68.0,71.0,70.0,67.0,7.0,13.36
2026-07-29 12:04:36,89,62,21.0,87.7,"98,5",3.333,3.337,3.337,3.332,66.0,68.0,68.0,66.0,5.0,13.34
2026-07-29 12:25:05,88,62,21.0,86.7,"98,5",3.332,3.337,3.336,3.331,66.0,68.0,68.0,65.0,6.0,13.34
2026-07-29 12:45:33,94,62,22.0,92.6,"98,5",3.34,3.344,3.342,3.338,70.0,72.0,71.0,69.0,6.0,13.36
2026-07-29 13:06:01,94,62,22.0,92.6,"98,5",3.34,3.344,3.344,3.34,70.0,72.0,72.0,70.0,4.0,13.37
2026-07-29 13:26:28,94,62,22.0,92.6,"98,5",3.344,3.349,3.348,3.343,72.0,75.0,74.0,71.0,6.0,13.38
2026-07-29 13:46:56,95,62,22.0,93.6,"98,5",3.358,3.364,3.363,3.358,79.0,82.0,81.0,79.0,6.0,13.44
2026-07-29 14:07:24,99,62,23.0,97.5,"98,5",3.575,3.606,3.604,3.59,188.0,203.0,202.0,195.0,31.0,14.38
2026-07-29 14:27:52,99,62,23.0,97.5,"98,5",3.577,3.605,3.603,3.591,188.0,202.0,202.0,196.0,28.0,14.38
2026-07-29 14:48:20,99,62,23.0,97.5,"98,5",3.508,3.522,3.521,3.513,154.0,161.0,160.0,156.0,14.0,14.06
2026-07-29 15:08:48,99,62,23.0,97.5,"98,5",3.373,3.383,3.381,3.377,87.0,91.0,90.0,88.0,10.0,13.51
2026-07-29 15:29:16,99,62,24.0,97.5,"98,5",3.398,3.406,3.406,3.4,99.0,103.0,103.0,100.0,8.0,13.61
2026-07-29 15:49:43,99,62,24.0,97.5,"98,5",3.488,3.505,3.505,3.496,144.0,152.0,152.0,148.0,17.0,13.99
2026-07-29 16:10:11,99,62,24.0,97.5,"98,5",3.47,3.486,3.485,3.478,135.0,143.0,142.0,139.0,16.0,13.92
2026-07-29 16:30:39,99,62,24.0,97.5,"98,5",3.515,3.532,3.532,3.524,157.0,166.0,166.0,162.0,17.0,14.1
2026-07-29 16:51:07,99,62,23.0,97.5,"98,5",3.479,3.492,3.492,3.485,139.0,146.0,146.0,142.0,13.0,13.95
2026-07-29 17:16:00,99,62,23.0,97.5,"98,5",3.367,3.373,3.375,3.369,83.0,87.0,87.0,85.0,8.0,13.48
2026-07-29 17:37:10,99,62,23.0,97.5,"98,5",3.341,3.347,3.347,3.343,70.0,73.0,73.0,71.0,6.0,13.38
2026-07-29 17:57:38,99,62,23.0,97.5,"98,5",3.385,3.392,3.392,3.387,92.0,96.0,96.0,93.0,7.0,13.56
2026-07-29 18:21:53,99,62,23.0,97.5,"98,5",3.491,3.508,3.507,3.498,145.0,154.0,153.0,149.0,17.0,14.0
2026-07-29 18:43:02,99,62,23.0,97.5,"98,5",3.366,3.371,3.373,3.369,83.0,85.0,87.0,85.0,7.0,13.48
2026-07-29 19:03:31,99,62,22.0,97.5,"98,5",3.361,3.365,3.368,3.363,81.0,83.0,84.0,81.0,7.0,13.46
2026-07-29 19:23:59,99,62,22.0,97.5,"98,5",3.32,3.324,3.325,3.319,60.0,62.0,62.0,59.0,6.0,13.29
2026-07-29 19:45:06,98,62,22.0,96.5,"98,5",3.311,3.316,3.315,3.31,55.0,58.0,57.0,55.0,6.0,13.25
2026-07-29 20:05:34,98,62,22.0,96.5,"98,5",3.322,3.326,3.326,3.321,61.0,63.0,63.0,60.0,5.0,13.29
2026-07-29 20:26:02,98,62,22.0,96.5,"98,5",3.324,3.329,3.328,3.323,62.0,64.0,64.0,61.0,6.0,13.3
2026-07-29 20:46:30,97,62,21.0,95.5,"98,5",3.318,3.323,3.323,3.318,59.0,61.0,61.0,59.0,5.0,13.28
2026-07-29 21:06:58,97,62,21.0,95.5,"98,5",3.318,3.322,3.323,3.317,59.0,61.0,61.0,58.0,6.0,13.28
2026-07-29 21:31:13,96,62,21.0,94.6,"98,5",3.321,3.326,3.325,3.321,60.0,63.0,62.0,60.0,5.0,13.29
2026-07-29 21:52:21,95,62,21.0,93.6,"98,5",3.309,3.313,3.312,3.308,54.0,56.0,56.0,54.0,5.0,13.24
2026-07-29 22:12:50,95,62,21.0,93.6,"98,5",3.317,3.322,3.321,3.317,58.0,61.0,60.0,58.0,5.0,13.28
2026-07-29 22:33:18,94,62,20.0,92.6,"98,5",3.317,3.322,3.321,3.317,58.0,61.0,60.0,58.0,5.0,13.28
2026-07-29 22:53:46,93,62,20.0,91.6,"98,5",3.322,3.327,3.326,3.321,61.0,63.0,63.0,60.0,6.0,13.3
2026-07-29 23:14:14,93,62,20.0,91.6,"98,5",3.321,3.326,3.326,3.321,60.0,63.0,63.0,60.0,5.0,13.29
2026-07-29 23:34:43,93,62,20.0,91.6,"98,5",3.323,3.328,3.328,3.323,61.0,64.0,64.0,61.0,5.0,13.3
2026-07-29 23:55:10,92,62,20.0,90.6,"98,5",3.321,3.326,3.325,3.321,60.0,63.0,62.0,60.0,5.0,13.29
2026-07-30 00:15:38,92,62,20.0,90.6,"98,5",3.323,3.328,3.328,3.323,61.0,64.0,64.0,61.0,5.0,13.3
2026-07-30 00:36:06,91,62,20.0,89.6,"98,5",3.321,3.325,3.324,3.32,60.0,62.0,62.0,60.0,5.0,13.29
2026-07-30 00:56:33,91,62,19.0,89.6,"98,5",3.323,3.328,3.327,3.322,61.0,64.0,63.0,61.0,6.0,13.3
2026-07-30 01:17:01,90,62,19.0,88.7,"98,5",3.32,3.325,3.324,3.32,60.0,62.0,62.0,60.0,5.0,13.29
2026-07-30 01:37:30,90,62,19.0,88.7,"98,5",3.323,3.327,3.327,3.322,61.0,63.0,63.0,61.0,5.0,13.3
2026-07-30 01:57:57,90,62,19.0,88.7,"98,5",3.318,3.322,3.322,3.317,59.0,61.0,61.0,58.0,5.0,13.28
2026-07-30 02:18:24,89,62,19.0,87.7,"98,5",3.323,3.327,3.327,3.322,61.0,63.0,63.0,61.0,5.0,13.3
2026-07-30 02:38:53,89,62,19.0,87.7,"98,5",3.309,3.313,3.313,3.308,54.0,56.0,56.0,54.0,5.0,13.24
2026-07-30 02:59:21,89,62,19.0,87.7,"98,5",3.322,3.326,3.326,3.321,61.0,63.0,63.0,60.0,5.0,13.29
2026-07-30 03:19:50,88,62,19.0,86.7,"98,5",3.323,3.328,3.327,3.322,61.0,64.0,63.0,61.0,6.0,13.3
2026-07-30 03:44:04,88,62,18.0,86.7,"98,5",3.321,3.326,3.325,3.32,60.0,63.0,62.0,60.0,6.0,13.29
2026-07-30 04:08:57,88,62,18.0,86.7,"98,5",3.323,3.327,3.326,3.321,61.0,63.0,63.0,60.0,6.0,13.3
2026-07-30 04:33:50,87,62,18.0,85.7,"98,5",3.321,3.325,3.324,3.32,60.0,62.0,62.0,60.0,5.0,13.29
2026-07-30 04:54:25,87,62,18.0,85.7,"98,5",3.322,3.327,3.326,3.321,61.0,63.0,63.0,60.0,6.0,13.3
2026-07-30 05:14:53,86,62,18.0,84.7,"98,5",3.318,3.322,3.322,3.317,59.0,61.0,61.0,58.0,5.0,13.28
2026-07-30 05:35:21,86,62,18.0,84.7,"98,5",3.321,3.326,3.325,3.321,60.0,63.0,62.0,60.0,5.0,13.29
2026-07-30 05:55:47,85,62,18.0,83.7,"98,5",3.316,3.321,3.32,3.315,58.0,60.0,60.0,57.0,6.0,13.27
2026-07-30 06:16:15,85,62,18.0,83.7,"98,5",3.321,3.326,3.325,3.321,60.0,63.0,62.0,60.0,5.0,13.29
2026-07-30 06:40:29,85,62,18.0,83.7,"98,5",3.314,3.318,3.317,3.313,57.0,59.0,58.0,56.0,5.0,13.26
2026-07-30 07:01:39,84,62,18.0,82.7,"98,5",3.321,3.326,3.325,3.321,60.0,63.0,62.0,60.0,5.0,13.29
2026-07-30 07:22:09,84,62,18.0,82.7,"98,5",3.31,3.314,3.313,3.309,55.0,57.0,56.0,54.0,5.0,13.25
2026-07-30 07:42:36,84,62,17.0,82.7,"98,5",3.321,3.326,3.325,3.321,60.0,63.0,62.0,60.0,5.0,13.29
2026-07-30 08:03:04,84,62,17.0,82.7,"98,5",3.328,3.331,3.332,3.327,64.0,65.0,66.0,63.0,5.0,13.32
2026-07-30 08:23:32,83,62,17.0,81.8,"98,5",3.326,3.331,3.33,3.325,63.0,65.0,65.0,62.0,6.0,13.31
2026-07-30 08:44:01,84,62,17.0,82.7,"98,5",3.348,3.352,3.352,3.346,74.0,76.0,76.0,73.0,6.0,13.4
2026-07-30 09:04:28,84,62,17.0,82.7,"98,5",3.323,3.327,3.326,3.322,61.0,63.0,63.0,61.0,5.0,13.3
2026-07-30 09:24:55,84,62,17.0,82.7,"98,5",3.35,3.355,3.354,3.35,75.0,77.0,77.0,75.0,5.0,13.41
2026-07-30 09:45:22,85,62,17.0,83.7,"98,5",3.346,3.351,3.349,3.345,73.0,75.0,75.0,73.0,6.0,13.39
2026-07-30 10:05:51,85,62,17.0,83.7,"98,5",3.347,3.352,3.351,3.346,73.0,76.0,75.0,73.0,6.0,13.4
2026-07-30 10:30:06,85,62,18.0,83.7,"98,5",3.334,3.339,3.338,3.334,67.0,69.0,69.0,67.0,5.0,13.34
2026-07-30 10:51:14,91,62,19.0,89.6,"98,5",3.355,3.36,3.358,3.354,77.0,80.0,79.0,77.0,6.0,13.43
2026-07-30 11:11:42,92,62,19.0,90.6,"98,5",3.351,3.357,3.355,3.351,75.0,79.0,77.0,75.0,6.0,13.41
2026-07-30 11:32:10,93,62,19.0,91.6,"98,5",3.361,3.364,3.365,3.361,81.0,82.0,83.0,81.0,4.0,13.45
2026-07-30 11:56:25,95,62,20.0,93.6,"98,5",3.468,3.47,3.47,3.464,134.0,135.0,135.0,132.0,6.0,13.87
2026-07-30 12:16:59,99,62,22.0,97.5,"98,5",3.515,3.532,3.532,3.522,157.0,166.0,166.0,161.0,17.0,14.1
2026-07-30 12:37:28,99,62,22.0,97.5,"98,5",3.536,3.554,3.553,3.544,168.0,177.0,176.0,172.0,18.0,14.19
2026-07-30 12:57:56,99,62,22.0,97.5,"98,5",3.576,3.608,3.605,3.591,188.0,204.0,202.0,196.0,32.0,14.38
2026-07-30 13:18:24,99,62,22.0,97.5,"98,5",3.458,3.466,3.47,3.464,129.0,133.0,135.0,132.0,12.0,13.86
2026-07-30 13:38:52,99,62,23.0,97.5,"98,5",3.575,3.609,3.606,3.592,188.0,204.0,203.0,196.0,34.0,14.38
2026-07-30 13:59:20,99,62,23.0,97.5,"98,5",3.577,3.607,3.604,3.592,188.0,204.0,202.0,196.0,30.0,14.38
2026-07-30 14:19:49,99,62,23.0,97.5,"98,5",3.578,3.605,3.603,3.592,189.0,202.0,202.0,196.0,27.0,14.38
2026-07-30 14:40:17,99,62,23.0,97.5,"98,5",3.373,3.381,3.38,3.375,87.0,90.0,90.0,87.0,8.0,13.51
2026-07-30 15:00:45,99,62,23.0,97.5,"98,5",3.342,3.349,3.349,3.343,71.0,75.0,75.0,71.0,7.0,13.38
2026-07-30 15:21:14,99,62,23.0,97.5,"98,5",3.37,3.375,3.375,3.369,85.0,87.0,87.0,85.0,6.0,13.49
2026-07-30 15:45:30,99,62,24.0,97.5,"98,5",3.367,3.373,3.375,3.369,83.0,87.0,87.0,85.0,8.0,13.48
2026-07-30 16:06:04,99,62,24.0,97.5,"98,5",3.351,3.358,3.358,3.352,75.0,79.0,79.0,76.0,7.0,13.42
2026-07-30 16:26:31,99,62,24.0,97.5,"98,5",3.569,3.606,3.603,3.589,184.0,203.0,202.0,194.0,37.0,14.37
2026-07-30 16:47:00,99,62,24.0,97.5,"98,5",3.576,3.607,3.605,3.592,188.0,204.0,202.0,196.0,31.0,14.38
2026-07-30 17:07:27,99,62,24.0,97.5,"98,5",3.395,3.404,3.403,3.397,97.0,102.0,101.0,98.0,9.0,13.6
2026-07-30 17:27:55,99,62,24.0,97.5,"98,5",3.371,3.377,3.375,3.369,85.0,88.0,87.0,85.0,8.0,13.49
2026-07-30 17:48:23,99,62,24.0,97.5,"98,5",3.346,3.353,3.352,3.347,73.0,77.0,76.0,73.0,7.0,13.4
2026-07-30 18:08:51,99,62,24.0,97.5,"98,5",3.412,3.422,3.421,3.415,106.0,111.0,110.0,107.0,10.0,13.67
2026-07-30 18:29:18,99,62,24.0,97.5,"98,5",3.392,3.4,3.4,3.395,96.0,100.0,100.0,97.0,8.0,13.59
2026-07-30 18:50:25,99,62,24.0,97.5,"98,5",3.343,3.349,3.349,3.344,71.0,75.0,75.0,72.0,6.0,13.38
2026-07-30 19:10:54,99,62,24.0,97.5,"98,5",3.319,3.323,3.323,3.318,59.0,61.0,61.0,59.0,5.0,13.28
2026-07-30 19:35:09,98,62,24.0,96.5,"98,5",3.323,3.328,3.328,3.323,61.0,64.0,64.0,61.0,5.0,13.3
2026-07-30 19:56:18,98,62,23.0,96.5,"98,5",3.317,3.322,3.321,3.316,58.0,61.0,60.0,58.0,6.0,13.28
2026-07-30 20:16:47,97,62,23.0,95.5,"98,5",3.313,3.318,3.317,3.312,56.0,59.0,58.0,56.0,6.0,13.26
2026-07-30 20:37:14,97,62,23.0,95.5,"98,5",3.321,3.326,3.325,3.32,60.0,63.0,62.0,60.0,6.0,13.29
2026-07-30 20:57:43,96,62,23.0,94.6,"98,5",3.32,3.324,3.324,3.319,60.0,62.0,62.0,59.0,5.0,13.29
2026-07-30 21:18:11,96,62,23.0,94.6,"98,5",3.321,3.326,3.325,3.321,60.0,63.0,62.0,60.0,5.0,13.29
2026-07-30 21:38:39,95,62,23.0,93.6,"98,5",3.319,3.324,3.323,3.318,59.0,62.0,61.0,59.0,6.0,13.28
2026-07-30 21:59:07,95,62,23.0,93.6,"98,5",3.311,3.315,3.315,3.31,55.0,57.0,57.0,55.0,5.0,13.25
2026-07-30 22:19:34,94,62,22.0,92.6,"98,5",3.319,3.324,3.324,3.319,59.0,62.0,62.0,59.0,5.0,13.29
2026-07-30 22:40:03,94,62,22.0,92.6,"98,5",3.31,3.315,3.314,3.309,55.0,57.0,57.0,54.0,6.0,13.25
2026-07-30 23:00:31,93,62,22.0,91.6,"98,5",3.323,3.327,3.326,3.321,61.0,63.0,63.0,60.0,6.0,13.3
2026-07-30 23:20:59,93,62,22.0,91.6,"98,5",3.317,3.322,3.321,3.317,58.0,61.0,60.0,58.0,5.0,13.28
2026-07-30 23:41:26,92,62,22.0,90.6,"98,5",3.323,3.328,3.327,3.322,61.0,64.0,63.0,61.0,6.0,13.3
2026-07-31 00:01:55,92,62,22.0,90.6,"98,5",3.315,3.32,3.319,3.315,57.0,60.0,59.0,57.0,5.0,13.27
2026-07-31 00:22:22,92,62,21.0,90.6,"98,5",3.322,3.327,3.326,3.321,61.0,63.0,63.0,60.0,6.0,13.3
2026-07-31 00:42:50,91,62,21.0,89.6,"98,5",3.314,3.319,3.318,3.314,57.0,59.0,59.0,57.0,5.0,13.27
2026-07-31 01:03:17,91,62,21.0,89.6,"98,5",3.323,3.327,3.327,3.322,61.0,63.0,63.0,61.0,5.0,13.3
2026-07-31 01:23:45,90,62,21.0,88.7,"98,5",3.315,3.32,3.32,3.315,57.0,60.0,60.0,57.0,5.0,13.27
2026-07-31 01:44:13,90,62,21.0,88.7,"98,5",3.323,3.327,3.326,3.321,61.0,63.0,63.0,60.0,6.0,13.3
2026-07-31 02:04:41,90,62,20.0,88.7,"98,5",3.309,3.314,3.313,3.308,54.0,57.0,56.0,54.0,6.0,13.24
2026-07-31 02:25:09,89,62,20.0,87.7,"98,5",3.32,3.324,3.324,3.319,60.0,62.0,62.0,59.0,5.0,13.29
2026-07-31 02:45:36,89,62,20.0,87.7,"98,5",3.309,3.314,3.313,3.309,54.0,57.0,56.0,54.0,5.0,13.25
2026-07-31 03:06:04,89,62,20.0,87.7,"98,5",3.321,3.326,3.326,3.321,60.0,63.0,63.0,60.0,5.0,13.29
2026-07-31 03:26:32,88,62,20.0,86.7,"98,5",3.312,3.316,3.315,3.311,56.0,58.0,57.0,55.0,5.0,13.25
2026-07-31 03:46:59,88,62,20.0,86.7,"98,5",3.321,3.326,3.325,3.32,60.0,63.0,62.0,60.0,6.0,13.29
2026-07-31 04:07:28,88,62,19.0,86.7,"98,5",3.322,3.327,3.326,3.321,61.0,63.0,63.0,60.0,6.0,13.3
2026-07-31 04:27:56,87,62,19.0,85.7,"98,5",3.32,3.324,3.324,3.319,60.0,62.0,62.0,59.0,5.0,13.29
2026-07-31 04:48:24,87,62,19.0,85.7,"98,5",3.318,3.322,3.322,3.317,59.0,61.0,61.0,58.0,5.0,13.28
2026-07-31 05:08:51,86,62,19.0,84.7,"98,5",3.318,3.323,3.322,3.318,59.0,61.0,61.0,59.0,5.0,13.28
2026-07-31 05:29:19,86,62,19.0,84.7,"98,5",3.321,3.325,3.324,3.32,60.0,62.0,62.0,60.0,5.0,13.29
2026-07-31 05:49:47,85,62,19.0,83.7,"98,5",3.318,3.322,3.322,3.317,59.0,61.0,61.0,58.0,5.0,13.28
2026-07-31 06:10:14,85,62,19.0,83.7,"98,5",3.321,3.326,3.324,3.32,60.0,63.0,62.0,60.0,6.0,13.29
2026-07-31 06:30:43,85,62,18.0,83.7,"98,5",3.317,3.321,3.321,3.316,58.0,60.0,60.0,58.0,5.0,13.27
2026-07-31 06:51:11,85,62,18.0,83.7,"98,5",3.322,3.327,3.326,3.321,61.0,63.0,63.0,60.0,6.0,13.3
2026-07-31 07:11:40,84,62,18.0,82.7,"98,5",3.318,3.322,3.322,3.317,59.0,61.0,61.0,58.0,5.0,13.28
2026-07-31 07:32:08,84,62,18.0,82.7,"98,5",3.328,3.331,3.332,3.327,64.0,65.0,66.0,63.0,5.0,13.32
2026-07-31 07:52:35,84,62,18.0,82.7,"98,5",3.318,3.323,3.323,3.318,59.0,61.0,61.0,59.0,5.0,13.28
2026-07-31 08:13:03,85,62,18.0,83.7,"98,5",3.333,3.337,3.336,3.332,66.0,68.0,68.0,66.0,5.0,13.34
2026-07-31 08:33:31,85,62,18.0,83.7,"98,5",3.323,3.328,3.326,3.322,61.0,64.0,63.0,61.0,6.0,13.3
2026-07-31 08:53:59,85,62,18.0,83.7,"98,5",3.348,3.353,3.352,3.347,74.0,77.0,76.0,73.0,6.0,13.4
2026-07-31 09:14:27,86,62,18.0,84.7,"98,5",3.325,3.33,3.329,3.324,62.0,65.0,64.0,62.0,6.0,13.31
2026-07-31 09:34:55,86,62,18.0,84.7,"98,5",3.353,3.358,3.357,3.352,77.0,79.0,79.0,76.0,6.0,13.42
2026-07-31 09:55:23,86,62,18.0,84.7,"98,5",3.348,3.353,3.352,3.347,74.0,77.0,76.0,73.0,6.0,13.4
2026-07-31 10:15:51,92,62,19.0,90.6,"98,5",3.453,3.459,3.459,3.455,126.0,129.0,129.0,127.0,6.0,13.83
2026-07-31 10:36:20,93,62,19.0,91.6,"98,5",3.331,3.335,3.335,3.33,65.0,67.0,67.0,65.0,5.0,13.33
2026-07-31 10:56:48,94,62,20.0,92.6,"98,5",3.456,3.459,3.462,3.459,128.0,129.0,131.0,129.0,6.0,13.84
2026-07-31 11:21:02,98,62,20.0,96.5,"98,5",3.348,3.353,3.352,3.347,74.0,77.0,76.0,73.0,6.0,13.4
2026-07-31 11:42:12,99,62,21.0,97.5,"98,5",3.58,3.604,3.601,3.588,190.0,202.0,200.0,194.0,24.0,14.37
2026-07-31 12:02:40,99,62,21.0,97.5,"98,5",3.534,3.553,3.552,3.542,167.0,176.0,176.0,171.0,19.0,14.18
2026-07-31 12:23:08,99,62,21.0,97.5,"98,5",3.499,3.514,3.513,3.505,149.0,157.0,156.0,152.0,15.0,14.03
2026-07-31 12:43:36,99,62,21.0,97.5,"98,5",3.577,3.608,3.605,3.593,188.0,204.0,202.0,196.0,31.0,14.38
2026-07-31 13:04:04,99,62,21.0,97.5,"98,5",3.579,3.608,3.605,3.594,190.0,204.0,202.0,197.0,29.0,14.39
2026-07-31 13:24:32,99,62,21.0,97.5,"98,5",3.536,3.553,3.552,3.544,168.0,176.0,176.0,172.0,17.0,14.19
2026-07-31 13:49:27,99,62,21.0,97.5,"98,5",3.57,3.611,3.608,3.593,185.0,206.0,204.0,196.0,41.0,14.38
2026-07-31 14:10:35,99,62,22.0,97.5,"98,5",3.576,3.608,3.606,3.593,188.0,204.0,203.0,196.0,32.0,14.38
2026-07-31 14:31:03,99,62,22.0,97.5,"98,5",3.577,3.607,3.605,3.593,188.0,204.0,202.0,196.0,30.0,14.38
2026-07-31 14:51:31,99,62,22.0,97.5,"98,5",3.579,3.606,3.604,3.593,190.0,203.0,202.0,196.0,27.0,14.38
2026-07-31 15:11:59,99,62,22.0,97.5,"98,5",3.58,3.606,3.603,3.593,190.0,203.0,202.0,196.0,26.0,14.38
2026-07-31 15:32:27,99,62,22.0,97.5,"98,5",3.498,3.515,3.516,3.506,149.0,157.0,158.0,153.0,18.0,14.04
2026-07-31 15:52:55,99,62,22.0,97.5,"98,5",3.36,3.364,3.367,3.362,80.0,82.0,83.0,81.0,7.0,13.45
2026-07-31 16:13:23,99,62,22.0,97.5,"98,5",3.37,3.376,3.375,3.369,85.0,88.0,87.0,85.0,7.0,13.49
2026-07-31 16:33:51,99,62,22.0,97.5,"98,5",3.575,3.608,3.606,3.593,188.0,204.0,203.0,196.0,33.0,14.38
2026-07-31 16:54:19,99,62,22.0,97.5,"98,5",3.499,3.513,3.512,3.505,149.0,156.0,156.0,152.0,14.0,14.03
2026-07-31 17:14:47,99,62,22.0,97.5,"98,5",3.373,3.383,3.382,3.377,87.0,91.0,91.0,88.0,10.0,13.52
2026-07-31 17:35:16,99,62,22.0,97.5,"98,5",3.369,3.374,3.375,3.369,85.0,87.0,87.0,85.0,6.0,13.49
2026-07-31 17:55:44,99,62,22.0,97.5,"98,5",3.357,3.364,3.363,3.358,79.0,82.0,81.0,79.0,7.0,13.44
2026-07-31 18:16:14,99,62,22.0,97.5,"98,5",3.369,3.374,3.375,3.369,85.0,87.0,87.0,85.0,6.0,13.49
2026-07-31 18:36:42,98,62,22.0,96.5,"98,5",3.312,3.317,3.317,3.311,56.0,58.0,58.0,55.0,6.0,13.26
2026-07-31 18:57:10,98,62,22.0,96.5,"98,5",3.324,3.329,3.329,3.324,62.0,64.0,64.0,62.0,5.0,13.31
2026-07-31 19:17:38,97,62,22.0,95.5,"98,5",3.315,3.319,3.319,3.315,57.0,59.0,59.0,57.0,4.0,13.27
2026-07-31 19:38:06,97,62,21.0,95.5,"98,5",3.328,3.331,3.332,3.328,64.0,65.0,66.0,64.0,4.0,13.32
2026-07-31 19:58:34,97,62,21.0,95.5,"98,5",3.321,3.326,3.326,3.321,60.0,63.0,63.0,60.0,5.0,13.29
2026-07-31 20:19:02,96,62,21.0,94.6,"98,5",3.308,3.313,3.312,3.308,54.0,56.0,56.0,54.0,5.0,13.24
2026-07-31 20:39:30,96,62,21.0,94.6,"98,5",3.317,3.322,3.321,3.317,58.0,61.0,60.0,58.0,5.0,13.28
2026-07-31 20:59:58,95,62,21.0,93.6,"98,5",3.316,3.321,3.32,3.315,58.0,60.0,60.0,57.0,6.0,13.27
2026-07-31 21:20:26,95,62,21.0,93.6,"98,5",3.318,3.322,3.321,3.318,59.0,61.0,60.0,59.0,4.0,13.28
2026-07-31 21:40:54,93,62,21.0,91.6,"98,5",3.316,3.321,3.32,3.315,58.0,60.0,60.0,57.0,6.0,13.27
2026-07-31 22:01:21,93,62,20.0,91.6,"98,5",3.309,3.313,3.312,3.308,54.0,56.0,56.0,54.0,5.0,13.24
2026-07-31 22:21:48,92,62,20.0,90.6,"98,5",3.32,3.324,3.324,3.319,60.0,62.0,62.0,59.0,5.0,13.29
2026-07-31 22:42:17,91,62,20.0,89.6,"98,5",3.312,3.316,3.315,3.311,56.0,58.0,57.0,55.0,5.0,13.25
2026-07-31 23:02:44,91,62,20.0,89.6,"98,5",3.32,3.325,3.324,3.32,60.0,62.0,62.0,60.0,5.0,13.29
2026-07-31 23:23:13,90,62,20.0,88.7,"98,5",3.319,3.323,3.323,3.318,59.0,61.0,61.0,59.0,5.0,13.28
2026-07-31 23:43:40,90,62,20.0,88.7,"98,5",3.314,3.318,3.318,3.313,57.0,59.0,59.0,56.0,5.0,13.26
2026-08-01 00:04:08,89,62,19.0,87.7,"98,5",3.322,3.327,3.326,3.321,61.0,63.0,63.0,60.0,6.0,13.3
2026-08-01 00:24:35,89,62,19.0,87.7,"98,5",3.314,3.319,3.318,3.314,57.0,59.0,59.0,57.0,5.0,13.27
2026-08-01 00:45:03,89,62,19.0,87.7,"98,5",3.323,3.327,3.327,3.322,61.0,63.0,63.0,61.0,5.0,13.3
2026-08-01 01:05:31,88,62,19.0,86.7,"98,5",3.312,3.317,3.316,3.31,56.0,58.0,58.0,55.0,7.0,13.26
2026-08-01 01:25:58,88,62,19.0,86.7,"98,5",3.322,3.327,3.326,3.321,61.0,63.0,63.0,60.0,6.0,13.3
2026-08-01 01:46:27,88,62,18.0,86.7,"98,5",3.324,3.329,3.328,3.323,62.0,64.0,64.0,61.0,6.0,13.3
2026-08-01 02:06:55,87,62,18.0,85.7,"98,5",3.316,3.32,3.32,3.315,58.0,60.0,60.0,57.0,5.0,13.27
2026-08-01 02:31:09,86,62,18.0,84.7,"98,5",3.323,3.328,3.327,3.322,61.0,64.0,63.0,61.0,6.0,13.3
2026-08-01 02:52:18,86,62,18.0,84.7,"98,5",3.317,3.321,3.321,3.316,58.0,60.0,60.0,58.0,5.0,13.27
2026-08-01 03:12:47,86,62,18.0,84.7,"98,5",3.322,3.326,3.326,3.321,61.0,63.0,63.0,60.0,5.0,13.29
2026-08-01 03:33:14,85,62,18.0,83.7,"98,5",3.313,3.318,3.317,3.312,56.0,59.0,58.0,56.0,6.0,13.26
2026-08-01 03:53:43,85,62,18.0,83.7,"98,5",3.318,3.322,3.322,3.317,59.0,61.0,61.0,58.0,5.0,13.28
2026-08-01 04:14:11,84,62,17.0,82.7,"98,5",3.308,3.311,3.311,3.306,54.0,55.0,55.0,53.0,5.0,13.24
2026-08-01 04:34:38,84,62,17.0,82.7,"98,5",3.32,3.324,3.324,3.319,60.0,62.0,62.0,59.0,5.0,13.29
2026-08-01 04:55:06,84,62,17.0,82.7,"98,5",3.322,3.327,3.326,3.321,61.0,63.0,63.0,60.0,6.0,13.3
2026-08-01 05:15:33,83,62,17.0,81.8,"98,5",3.312,3.317,3.316,3.312,56.0,58.0,58.0,56.0,5.0,13.26
2026-08-01 05:36:02,83,62,17.0,81.8,"98,5",3.321,3.326,3.325,3.32,60.0,63.0,62.0,60.0,6.0,13.29
2026-08-01 05:56:30,82,62,17.0,80.8,"98,5",3.314,3.318,3.318,3.313,57.0,59.0,59.0,56.0,5.0,13.26
2026-08-01 06:16:57,82,62,17.0,80.8,"98,5",3.318,3.322,3.322,3.317,59.0,61.0,61.0,58.0,5.0,13.28
2026-08-01 06:37:25,82,62,17.0,80.8,"98,5",3.309,3.314,3.313,3.308,54.0,57.0,56.0,54.0,6.0,13.24
2026-08-01 06:57:53,81,62,17.0,79.8,"98,5",3.32,3.324,3.324,3.319,60.0,62.0,62.0,59.0,5.0,13.29
2026-08-01 07:18:21,81,62,17.0,79.8,"98,5",3.32,3.324,3.323,3.319,60.0,62.0,61.0,59.0,5.0,13.29
2026-08-01 07:42:35,81,62,17.0,79.8,"98,5",3.317,3.321,3.32,3.316,58.0,60.0,60.0,58.0,5.0,13.27
2026-08-01 08:03:08,80,62,17.0,78.8,"98,5",3.31,3.315,3.314,3.309,55.0,57.0,57.0,54.0,6.0,13.25
2026-08-01 08:23:36,79,62,16.0,77.8,"98,5",3.294,3.298,3.297,3.293,47.0,49.0,48.0,46.0,5.0,13.18
2026-08-01 08:44:42,78,63,16.0,76.8,"98,5",3.308,3.312,3.311,3.307,54.0,56.0,55.0,53.0,5.0,13.24
2026-08-01 09:05:11,77,63,16.0,75.8,"98,5",3.294,3.298,3.297,3.292,47.0,49.0,48.0,46.0,6.0,13.18
2026-08-01 09:25:38,77,63,16.0,75.8,"98,5",3.312,3.317,3.317,3.312,56.0,58.0,58.0,56.0,5.0,13.26
2026-08-01 09:46:07,76,63,16.0,74.9,"98,5",3.308,3.312,3.311,3.307,54.0,56.0,55.0,53.0,5.0,13.24
2026-08-01 10:06:35,76,63,16.0,74.9,"98,5",3.318,3.322,3.322,3.317,59.0,61.0,61.0,58.0,5.0,13.28
2026-08-01 10:27:02,81,63,17.0,79.8,"98,5",3.385,3.39,3.389,3.385,92.0,95.0,94.0,92.0,5.0,13.55
2026-08-01 10:47:30,81,63,17.0,79.8,"98,5",3.341,3.346,3.345,3.341,70.0,73.0,73.0,70.0,5.0,13.37
2026-08-01 11:07:57,81,63,17.0,79.8,"98,5",3.34,3.344,3.342,3.338,70.0,72.0,71.0,69.0,6.0,13.36
2026-08-01 11:28:26,81,63,17.0,79.8,"98,5",3.345,3.35,3.349,3.344,73.0,75.0,75.0,72.0,6.0,13.39
2026-08-01 11:48:55,82,63,18.0,80.8,"98,5",3.345,3.351,3.35,3.345,73.0,75.0,75.0,73.0,6.0,13.39
2026-08-01 12:09:23,81,63,18.0,79.8,"98,5",3.34,3.346,3.345,3.34,70.0,73.0,73.0,70.0,6.0,13.37
2026-08-01 12:29:50,82,63,18.0,80.8,"98,5",3.346,3.351,3.35,3.346,73.0,75.0,75.0,73.0,5.0,13.39
2026-08-01 12:50:18,81,63,18.0,79.8,"98,5",3.324,3.328,3.327,3.323,62.0,64.0,63.0,61.0,5.0,13.3
2026-08-01 13:10:47,87,63,19.0,85.7,"98,5",3.352,3.357,3.357,3.352,76.0,79.0,79.0,76.0,5.0,13.42
2026-08-01 13:31:15,86,63,20.0,84.7,"98,5",3.347,3.353,3.352,3.347,73.0,77.0,76.0,73.0,6.0,13.4
2026-08-01 13:51:43,87,63,20.0,85.7,"98,5",3.341,3.346,3.346,3.341,70.0,73.0,73.0,70.0,5.0,13.37
2026-08-01 14:12:10,86,63,20.0,84.7,"98,5",3.323,3.328,3.327,3.322,61.0,64.0,63.0,61.0,6.0,13.3
2026-08-01 14:32:38,85,63,20.0,83.7,"98,5",3.329,3.333,3.332,3.328,64.0,66.0,66.0,64.0,5.0,13.32
2026-08-01 14:53:06,85,63,20.0,83.7,"98,5",3.32,3.325,3.324,3.319,60.0,62.0,62.0,59.0,6.0,13.29
2026-08-01 15:17:21,85,63,21.0,83.7,"98,5",3.33,3.335,3.335,3.33,65.0,67.0,67.0,65.0,5.0,13.33
2026-08-01 15:37:55,89,63,21.0,87.7,"98,5",3.338,3.343,3.342,3.337,69.0,71.0,71.0,68.0,6.0,13.36
2026-08-01 15:58:23,91,63,22.0,89.6,"98,5",3.347,3.352,3.352,3.346,73.0,76.0,76.0,73.0,6.0,13.4
2026-08-01 16:18:52,91,63,22.0,89.6,"98,5",3.333,3.337,3.337,3.332,66.0,68.0,68.0,66.0,5.0,13.34
2026-08-01 16:39:19,90,63,22.0,88.7,"98,5",3.331,3.336,3.336,3.331,65.0,68.0,68.0,65.0,5.0,13.33
2026-08-01 16:59:47,90,63,22.0,88.7,"98,5",3.33,3.334,3.334,3.329,65.0,67.0,67.0,64.0,5.0,13.33
2026-08-01 17:20:16,89,63,22.0,87.7,"98,5",3.334,3.338,3.338,3.333,67.0,69.0,69.0,66.0,5.0,13.34
2026-08-01 17:40:43,89,63,22.0,87.7,"98,5",3.319,3.323,3.323,3.318,59.0,61.0,61.0,59.0,5.0,13.28
2026-08-01 18:01:11,89,63,21.0,87.7,"98,5",3.331,3.336,3.335,3.331,65.0,68.0,67.0,65.0,5.0,13.33
2026-08-01 18:21:40,88,63,21.0,86.7,"98,5",3.324,3.329,3.329,3.324,62.0,64.0,64.0,62.0,5.0,13.31
2026-08-01 18:42:07,88,63,21.0,86.7,"98,5",3.338,3.342,3.342,3.336,69.0,71.0,71.0,68.0,6.0,13.36
2026-08-01 19:06:22,88,63,21.0,86.7,"98,5",3.329,3.334,3.333,3.329,64.0,67.0,66.0,64.0,5.0,13.33
2026-08-01 19:27:31,88,63,21.0,86.7,"98,5",3.319,3.323,3.323,3.318,59.0,61.0,61.0,59.0,5.0,13.28
2026-08-01 19:47:58,87,63,21.0,85.7,"98,5",3.322,3.327,3.327,3.321,61.0,63.0,63.0,60.0,6.0,13.3
2026-08-01 20:08:28,86,63,21.0,84.7,"98,5",3.311,3.315,3.315,3.309,55.0,57.0,57.0,54.0,6.0,13.25
2026-08-01 20:14:38,86,63,21.0,84.7,"98,5",3.319,3.323,3.323,3.318,59.0,61.0,61.0,59.0,5.0,13.28
2026-08-01 20:14:54,86,63,21.0,84.7,"98,5",3.319,3.324,3.323,3.318,59.0,62.0,61.0,59.0,6.0,13.28
2026-08-01 20:15:15,86,63,21.0,84.7,"98,5",3.32,3.324,3.324,3.319,60.0,62.0,62.0,59.0,5.0,13.29
2026-08-01 20:19:32,86,63,21.0,84.7,"98,5",3.323,3.327,3.327,3.322,61.0,63.0,63.0,61.0,5.0,13.3
2026-08-01 20:22:25,86,63,21.0,84.7,"98,5",3.324,3.329,3.328,3.323,62.0,64.0,64.0,61.0,6.0,13.3
2026-08-01 20:29:29,86,63,21.0,84.7,"98,5",3.324,3.329,3.329,3.324,62.0,64.0,64.0,62.0,5.0,13.31
2026-08-01 20:29:44,86,63,21.0,84.7,"98,5",3.324,3.329,3.328,3.323,62.0,64.0,64.0,61.0,6.0,13.3
2026-08-01 20:30:53,86,63,20.0,84.7,"98,5",3.324,3.329,3.328,3.323,62.0,64.0,64.0,61.0,6.0,13.3
2026-08-01 20:49:09,85,63,20.0,83.7,"98,5",3.303,3.307,3.307,3.302,51.0,53.0,53.0,51.0,5.0,13.22
2026-08-01 21:09:37,85,63,20.0,83.7,"98,5",3.321,3.326,3.325,3.32,60.0,63.0,62.0,60.0,6.0,13.29
2026-08-01 21:44:37,84,63,20.0,82.7,"98,5",3.319,3.323,3.323,3.318,59.0,61.0,61.0,59.0,5.0,13.28
2026-08-02 01:59:56,78,63,18.0,76.8,"98,5",3.309,3.314,3.314,3.309,54.0,57.0,57.0,54.0,5.0,13.25
2026-08-02 02:06:51,78,63,18.0,76.8,"98,5",3.3,3.305,3.303,3.299,50.0,52.0,51.0,49.0,6.0,13.21
2026-08-02 02:27:58,78,63,18.0,76.8,"98,5",3.316,3.321,3.32,3.315,58.0,60.0,60.0,57.0,6.0,13.27
2026-08-02 02:48:27,77,63,18.0,75.8,"98,5",3.314,3.319,3.318,3.314,57.0,59.0,59.0,57.0,5.0,13.27
2026-08-02 03:16:27,76,63,17.0,74.9,"98,5",3.314,3.318,3.318,3.313,57.0,59.0,59.0,56.0,5.0,13.26
2026-08-02 03:37:36,76,63,17.0,74.9,"98,5",3.317,3.321,3.32,3.316,58.0,60.0,60.0,58.0,5.0,13.27
2026-08-02 03:58:03,76,63,17.0,74.9,"98,5",3.311,3.316,3.315,3.31,55.0,58.0,57.0,55.0,6.0,13.25
2026-08-02 04:18:30,75,63,17.0,73.9,"98,5",3.315,3.319,3.318,3.314,57.0,59.0,59.0,57.0,5.0,13.27
2026-08-02 04:38:58,75,63,17.0,73.9,"98,5",3.302,3.307,3.306,3.302,51.0,53.0,53.0,51.0,5.0,13.22
2026-08-02 04:59:25,74,63,17.0,72.9,"98,5",3.314,3.319,3.318,3.314,57.0,59.0,59.0,57.0,5.0,13.27
2026-08-02 05:19:52,74,63,17.0,72.9,"98,5",3.312,3.317,3.316,3.311,56.0,58.0,58.0,55.0,6.0,13.26
2026-08-02 05:40:19,73,63,17.0,71.9,"98,5",3.311,3.315,3.314,3.309,55.0,57.0,57.0,54.0,6.0,13.25
2026-08-02 06:00:46,73,63,16.0,71.9,"98,5",3.315,3.319,3.318,3.314,57.0,59.0,59.0,57.0,5.0,13.27
2026-08-02 06:21:15,73,63,16.0,71.9,"98,5",3.293,3.297,3.297,3.292,46.0,48.0,48.0,46.0,5.0,13.18
2026-08-02 06:41:42,72,63,16.0,70.9,"98,5",3.313,3.317,3.317,3.312,56.0,58.0,58.0,56.0,5.0,13.26
2026-08-02 07:02:09,72,63,16.0,70.9,"98,5",3.316,3.32,3.32,3.315,58.0,60.0,60.0,57.0,5.0,13.27
2026-08-02 07:22:36,71,63,16.0,69.9,"98,5",3.309,3.313,3.313,3.308,54.0,56.0,56.0,54.0,5.0,13.24
2026-08-02 07:43:44,71,63,16.0,69.9,"98,5",3.315,3.319,3.318,3.314,57.0,59.0,59.0,57.0,5.0,13.27
2026-08-02 08:04:12,71,63,16.0,69.9,"98,5",3.296,3.3,3.3,3.295,48.0,50.0,50.0,47.0,5.0,13.19
2026-08-02 08:24:39,71,63,16.0,69.9,"98,5",3.315,3.319,3.319,3.314,57.0,59.0,59.0,57.0,5.0,13.27
2026-08-02 08:45:06,70,63,16.0,69.0,"98,5",3.288,3.291,3.292,3.286,44.0,45.0,46.0,43.0,6.0,13.16
2026-08-02 09:05:34,70,63,16.0,69.0,"98,5",3.309,3.312,3.312,3.308,54.0,56.0,56.0,54.0,4.0,13.24
2026-08-02 09:26:02,69,63,16.0,68.0,"98,5",3.294,3.297,3.297,3.293,47.0,48.0,48.0,46.0,4.0,13.18
2026-08-02 09:50:16,70,63,16.0,69.0,"98,5",3.42,3.425,3.425,3.42,110.0,112.0,112.0,110.0,5.0,13.69
2026-08-02 10:11:25,74,63,17.0,72.9,"98,5",3.346,3.351,3.351,3.346,73.0,75.0,75.0,73.0,5.0,13.39
2026-08-02 10:31:53,75,63,17.0,73.9,"98,5",3.343,3.348,3.347,3.343,71.0,74.0,73.0,71.0,5.0,13.38
2026-08-02 14:56:31,90,63,21.0,88.7,"98,5",3.326,3.331,3.331,3.326,63.0,65.0,65.0,63.0,5.0,13.31
2026-08-02 15:17:05,90,63,21.0,88.7,"98,5",3.341,3.347,3.346,3.341,70.0,73.0,73.0,70.0,6.0,13.38
2026-08-02 15:37:34,94,63,22.0,92.6,"98,5",3.337,3.341,3.341,3.335,68.0,70.0,70.0,67.0,6.0,13.35
2026-08-02 15:58:02,96,63,22.0,94.6,"98,5",3.343,3.348,3.347,3.343,71.0,74.0,73.0,71.0,5.0,13.38
2026-08-02 16:18:29,96,63,22.0,94.6,"98,5",3.327,3.331,3.331,3.326,63.0,65.0,65.0,63.0,5.0,13.31
2026-08-02 16:39:00,96,63,22.0,94.6,"98,5",3.335,3.34,3.34,3.335,67.0,70.0,70.0,67.0,5.0,13.35
2026-08-02 16:59:28,96,63,21.0,94.6,"98,5",3.335,3.34,3.34,3.335,67.0,70.0,70.0,67.0,5.0,13.35
2026-08-02 17:19:55,95,63,21.0,93.6,"98,5",3.334,3.338,3.338,3.334,67.0,69.0,69.0,67.0,4.0,13.34
2026-08-02 17:40:23,95,63,21.0,93.6,"98,5",3.338,3.343,3.342,3.337,69.0,71.0,71.0,68.0,6.0,13.36
2026-08-02 18:00:51,95,63,21.0,93.6,"98,5",3.323,3.328,3.328,3.323,61.0,64.0,64.0,61.0,5.0,13.3
2026-08-02 18:21:20,95,63,21.0,93.6,"98,5",3.326,3.331,3.33,3.326,63.0,65.0,65.0,63.0,5.0,13.31
2026-08-02 18:42:07,94,63,21.0,92.6,"98,5",3.312,3.317,3.316,3.311,56.0,58.0,58.0,55.0,6.0,13.26
2026-08-02 19:02:36,94,63,21.0,92.6,"98,5",3.323,3.328,3.328,3.322,61.0,64.0,64.0,61.0,6.0,13.3
2026-08-02 19:23:04,94,63,21.0,92.6,"98,5",3.325,3.329,3.329,3.324,62.0,64.0,64.0,62.0,5.0,13.31
2026-08-02 19:43:32,93,63,21.0,91.6,"98,5",3.321,3.326,3.326,3.321,60.0,63.0,63.0,60.0,5.0,13.29
2026-08-02 20:03:59,92,63,21.0,90.6,"98,5",3.309,3.314,3.314,3.309,54.0,57.0,57.0,54.0,5.0,13.25
2026-08-02 20:24:28,92,63,20.0,90.6,"98,5",3.311,3.315,3.315,3.31,55.0,57.0,57.0,55.0,5.0,13.25
2026-08-02 20:44:56,91,63,20.0,89.6,"98,5",3.318,3.323,3.322,3.318,59.0,61.0,61.0,59.0,5.0,13.28
2026-08-02 21:05:23,90,63,20.0,88.7,"98,5",3.319,3.323,3.323,3.318,59.0,61.0,61.0,59.0,5.0,13.28
2026-08-02 21:25:51,89,63,20.0,87.7,"98,5",3.317,3.321,3.321,3.316,58.0,60.0,60.0,58.0,5.0,13.27
2026-08-02 21:46:19,89,63,20.0,87.7,"98,5",3.319,3.323,3.323,3.318,59.0,61.0,61.0,59.0,5.0,13.28
2026-08-02 22:06:47,88,63,20.0,86.7,"98,5",3.317,3.321,3.321,3.316,58.0,60.0,60.0,58.0,5.0,13.27
2026-08-02 22:27:15,88,63,20.0,86.7,"98,5",3.32,3.325,3.324,3.319,60.0,62.0,62.0,59.0,6.0,13.29
2026-08-02 22:51:29,87,63,19.0,85.7,"98,5",3.319,3.324,3.323,3.318,59.0,62.0,61.0,59.0,6.0,13.28
2026-08-02 23:12:40,87,63,19.0,85.7,"98,5",3.319,3.323,3.323,3.318,59.0,61.0,61.0,59.0,5.0,13.28
2026-08-02 23:33:09,86,63,19.0,84.7,"98,5",3.315,3.32,3.32,3.315,57.0,60.0,60.0,57.0,5.0,13.27
2026-08-02 23:57:22,85,63,19.0,83.7,"98,5",3.321,3.325,3.325,3.32,60.0,62.0,62.0,60.0,5.0,13.29
2026-08-03 00:18:32,85,63,19.0,83.7,"98,5",3.304,3.309,3.308,3.303,52.0,54.0,54.0,51.0,6.0,13.22
2026-08-03 00:39:00,84,63,19.0,82.7,"98,5",3.319,3.324,3.323,3.318,59.0,62.0,61.0,59.0,6.0,13.28
2026-08-03 00:59:28,84,63,18.0,82.7,"98,5",3.32,3.325,3.324,3.32,60.0,62.0,62.0,60.0,5.0,13.29
2026-08-03 01:19:57,83,63,18.0,81.8,"98,5",3.318,3.322,3.321,3.317,59.0,61.0,60.0,58.0,5.0,13.28
2026-08-03 01:40:25,83,63,18.0,81.8,"98,5",3.317,3.321,3.321,3.316,58.0,60.0,60.0,58.0,5.0,13.27
2026-08-03 02:00:54,82,63,18.0,80.8,"98,5",3.303,3.308,3.308,3.302,51.0,54.0,54.0,51.0,6.0,13.22
2026-08-03 02:21:22,82,63,18.0,80.8,"98,5",3.318,3.322,3.322,3.317,59.0,61.0,61.0,58.0,5.0,13.28
2026-08-03 19:15:18,97,63,21.0,95.5,"98,5",3.317,3.322,3.321,3.317,58.0,61.0,60.0,58.0,5.0,13.28
2026-08-03 19:35:52,97,63,21.0,95.5,"98,5",3.321,3.325,3.325,3.32,60.0,62.0,62.0,60.0,5.0,13.29
2026-08-03 19:56:21,96,63,21.0,94.6,"98,5",3.32,3.324,3.324,3.319,60.0,62.0,62.0,59.0,5.0,13.29
2026-08-03 20:17:27,95,63,20.0,93.6,"98,5",3.309,3.314,3.314,3.309,54.0,57.0,57.0,54.0,5.0,13.25
2026-08-03 20:37:55,95,63,20.0,93.6,"98,5",3.322,3.327,3.326,3.321,61.0,63.0,63.0,60.0,6.0,13.3
2026-08-03 20:58:22,94,63,20.0,92.6,"98,5",3.309,3.314,3.314,3.309,54.0,57.0,57.0,54.0,5.0,13.25
2026-08-03 21:22:40,94,63,19.0,92.6,"98,5",3.322,3.327,3.326,3.321,61.0,63.0,63.0,60.0,6.0,13.3
2026-08-03 21:43:47,93,63,19.0,91.6,"98,5",3.311,3.316,3.315,3.311,55.0,58.0,57.0,55.0,5.0,13.25
2026-08-03 22:04:51,93,63,19.0,91.6,"98,5",3.321,3.326,3.325,3.32,60.0,63.0,62.0,60.0,6.0,13.29
2026-08-03 22:25:19,92,63,19.0,90.6,"98,5",3.31,3.315,3.314,3.309,55.0,57.0,57.0,54.0,6.0,13.25
2026-08-03 22:45:48,92,63,19.0,90.6,"98,5",3.322,3.326,3.326,3.321,61.0,63.0,63.0,60.0,5.0,13.29
2026-08-03 23:06:15,92,63,18.0,90.6,"98,5",3.312,3.316,3.315,3.31,56.0,58.0,57.0,55.0,6.0,13.25
2026-08-03 23:26:43,91,63,18.0,89.6,"98,5",3.322,3.326,3.325,3.321,61.0,63.0,62.0,60.0,5.0,13.29
2026-08-03 23:47:11,91,63,18.0,89.6,"98,5",3.324,3.328,3.328,3.323,62.0,64.0,64.0,61.0,5.0,13.3
2026-08-04 00:07:40,90,63,18.0,88.7,"98,5",3.318,3.322,3.322,3.317,59.0,61.0,61.0,58.0,5.0,13.28
2026-08-04 00:28:08,90,63,18.0,88.7,"98,5",3.322,3.327,3.326,3.321,61.0,63.0,63.0,60.0,6.0,13.3
2026-08-04 00:48:35,89,63,18.0,87.7,"98,5",3.318,3.322,3.321,3.317,59.0,61.0,60.0,58.0,5.0,13.28
2026-08-04 01:09:03,89,63,17.0,87.7,"98,5",3.321,3.325,3.324,3.32,60.0,62.0,62.0,60.0,5.0,13.29
2026-08-04 01:29:31,89,63,17.0,87.7,"98,5",3.309,3.313,3.312,3.308,54.0,56.0,56.0,54.0,5.0,13.24
2026-08-04 01:49:59,88,63,17.0,86.7,"98,5",3.321,3.325,3.324,3.32,60.0,62.0,62.0,60.0,5.0,13.29
2026-08-04 02:10:28,88,63,17.0,86.7,"98,5",3.32,3.324,3.324,3.319,60.0,62.0,62.0,59.0,5.0,13.29
2026-08-04 02:30:56,87,63,17.0,85.7,"98,5",3.318,3.322,3.322,3.317,59.0,61.0,61.0,58.0,5.0,13.28
2026-08-04 02:51:24,87,63,16.0,85.7,"98,5",3.32,3.324,3.323,3.318,60.0,62.0,61.0,59.0,6.0,13.29
2026-08-04 03:11:52,86,63,16.0,84.7,"98,5",3.302,3.307,3.305,3.301,51.0,53.0,52.0,50.0,6.0,13.21
2026-08-04 03:32:20,86,63,16.0,84.7,"98,5",3.317,3.322,3.321,3.317,58.0,61.0,60.0,58.0,5.0,13.28
2026-08-04 03:56:35,86,63,16.0,84.7,"98,5",3.311,3.315,3.314,3.31,55.0,57.0,57.0,55.0,5.0,13.25
2026-08-04 04:17:44,85,63,16.0,83.7,"98,5",3.315,3.319,3.318,3.314,57.0,59.0,59.0,57.0,5.0,13.27
2026-08-04 04:38:12,85,63,15.0,83.7,"98,5",3.319,3.323,3.323,3.318,59.0,61.0,61.0,59.0,5.0,13.28
2026-08-04 04:58:39,84,63,15.0,82.7,"98,5",3.305,3.309,3.309,3.304,52.0,54.0,54.0,52.0,5.0,13.23
2026-08-04 05:19:08,83,63,15.0,81.8,"98,5",3.316,3.32,3.319,3.315,58.0,60.0,59.0,57.0,5.0,13.27
2026-08-04 05:39:36,83,63,15.0,81.8,"98,5",3.32,3.324,3.323,3.319,60.0,62.0,61.0,59.0,5.0,13.29
2026-08-04 06:00:04,83,63,15.0,81.8,"98,5",3.313,3.317,3.317,3.312,56.0,58.0,58.0,56.0,5.0,13.26
2026-08-04 06:20:32,82,63,14.0,80.8,"98,5",3.318,3.322,3.321,3.317,59.0,61.0,60.0,58.0,5.0,13.28
2026-08-04 06:41:00,82,63,14.0,80.8,"98,5",3.318,3.322,3.322,3.317,59.0,61.0,61.0,58.0,5.0,13.28
2026-08-04 07:01:29,81,63,14.0,79.8,"98,5",3.314,3.318,3.317,3.313,57.0,59.0,58.0,56.0,5.0,13.26
2026-08-04 07:21:57,81,63,14.0,79.8,"98,5",3.319,3.324,3.323,3.318,59.0,62.0,61.0,59.0,6.0,13.28
2026-08-04 07:42:25,81,63,14.0,79.8,"98,5",3.317,3.321,3.321,3.316,58.0,60.0,60.0,58.0,5.0,13.27
2026-08-04 08:02:53,81,63,14.0,79.8,"98,5",3.334,3.339,3.338,3.334,67.0,69.0,69.0,67.0,5.0,13.34
2026-08-04 08:23:22,82,63,14.0,80.8,"98,5",3.347,3.352,3.351,3.346,73.0,76.0,75.0,73.0,6.0,13.4
2026-08-04 08:47:36,82,64,14.0,80.8,"98,5",3.35,3.354,3.353,3.348,75.0,77.0,77.0,74.0,6.0,13.41
2026-08-04 09:08:46,83,64,14.0,81.8,"98,5",3.343,3.347,3.347,3.342,71.0,73.0,73.0,71.0,5.0,13.38
2026-08-04 09:29:13,83,64,14.0,81.8,"98,5",3.355,3.36,3.358,3.354,77.0,80.0,79.0,77.0,6.0,13.43
2026-08-04 09:49:40,84,64,14.0,82.7,"98,5",3.355,3.36,3.358,3.354,77.0,80.0,79.0,77.0,6.0,13.43
2026-08-04 10:13:57,85,64,14.0,83.7,"98,5",3.373,3.376,3.375,3.369,87.0,88.0,87.0,85.0,7.0,13.49
2026-08-04 10:35:05,91,64,15.0,89.6,"98,5",3.35,3.355,3.354,3.349,75.0,77.0,77.0,75.0,6.0,13.41
2026-08-04 18:42:23,99,64,23.0,97.5,"98,5",3.439,3.45,3.449,3.443,119.0,125.0,124.0,121.0,11.0,13.78
2026-08-04 19:04:48,99,64,24.0,97.5,"98,5",3.413,3.423,3.423,3.417,106.0,111.0,111.0,108.0,10.0,13.68
2026-08-04 21:57:25,99,64,25.0,97.5,"98,5",3.328,3.332,3.333,3.328,64.0,66.0,66.0,64.0,5.0,13.32
2026-08-04 22:18:47,98,64,25.0,96.5,"98,5",3.326,3.331,3.331,3.326,63.0,65.0,65.0,63.0,5.0,13.31
